FirstName,Gender,FatherLastName,FatherFirstName,MotherLastName,FatherOccupation,MotherOccupation,DateofBirth,MotherFirstName,LastName,Occupation
George,M,ALCORN,Hugh,ELLIOT,carpenter,weaver,1712-08-21,Mary,ALCORN,school teacher
Peter,M,RICH,James,FAGAN,time keeper (civil engineering),teacher,1713-10-22,Isabella,RICH,gasfitter
George,M,MARCH,Andrew,MITCHELL,bricklayer,domestic servant,1719-06-06,Margaret,MARCH,cork hawker
James,M,MAHAFFEY,Hugh,FARBROTHER,curate,servant,1714-09-21,Matilda,MAHAFFEY,labourer
Thos,M,CAMPBELL,Robt,CONWAY,bookseller,domestic servant,1727-02-17,Janet,CAMPBELL,marine stores dealer
Luis,F,REAKES,Willi,SCHULEN,labourer,fitter at steelplant,1724-03-31,Elizabeth,REAKES,mill hand
Martha,F,GRIFFITHS,Leslie,HARDY,indian army engineer,brewery labourer,1735-06-28,Euphemia,GRIFFITHS,blacksmith
James,M,THOMAS,Matthew,PHILLIPS,farmer,domestic servant,1714-06-09,C,THOMAS,farm worker
Angus,M,ADAMSON,George,HARRISS,lady's maid,plasterer,1723-10-29,Jane,ADAMSON,farmer
John,M,HILL,John,HOWEL,chainmaker,boilermaker,1719-03-16,Mary,HILL,servant
Anne,F,ALCORN,Hugh,ELLIOT,carpenter,weaver,1728-03-13,Mary,ALCORN,farmer
Jas,M,WHATTON,John,STEPHENSON,carpenter,mariner,1721-10-22,Elisabeth,WHATTON,council gardener
Mark,M,TONGE,John,ROBINSON,parish clerk,locksmith,1721-05-30,Sophia,TONGE,army officer
John,M,HUNTLEY,Samuel,BAKER,shepherd,coal miner,1723-01-10,Jane,HUNTLEY,basket maker
William,M,RICH,James,FAGAN,time keeper (civil engineering),teacher,1724-02-27,Isabella,RICH,plumber
Catherine,F,FOSTER,Hugh,TROOP,labourer,oriform machinist,1725-11-13,Eliz,FOSTER,boat builder
Mary,F,CARTER,Robert,SELKIRK,servant,fisherman,1724-01-10,Emma,CARTER,pub worker
Isabella,F,THOMAS,Matthew,PHILLIPS,farmer,domestic servant,1718-10-31,C,THOMAS,managing director (rolling stock firm)
John,M,THOMAS,Matthew,PHILLIPS,farmer,domestic servant,1718-10-31,C,THOMAS,cottager
Jane,F,BELL,John,HARDCASTLE,lab,carpenter,1727-01-13,Helen,BELL,farmer
William,M,JONE,Duncan,PARDOE,saddler,gardener,1726-05-14,Jane,JONE,bricklayer
Isabella,F,DANNILS,Robert,LOCK,warehouseman,foreman mechanic,1724-03-14,Marion,DANNILS,carpenter
Willia,M,MAHAFFEY,Hugh,FARBROTHER,curate,servant,1720-01-11,Matilda,MAHAFFEY,weaver
Margaret,F,WILKIE,Henry,BOTT,bricklayer,orchestra attendant,1731-01-20,Isabella,WILKIE,cabinet maker
Ernest,M,TAYLOR,John,PICKTON,mason,farmer,1720-04-08,Elizabeth,TAYLOR,farmer
Eliza,F,HARD,George,HUTTON,mason,blacksmith,1725-11-27,Annie,HARD,labourer
Thomas,M,WHARTON,Ronald,OLIVER,merchant,"royal marines, private",1733-08-28,Mary,WHARTON,shoemaker
Mary,F,LAWSLEY,James,MCNAB,poulterer,bus conductor,1729-12-20,Margaret,LAWSLEY,chase keeper
Donald,M,GREEN,James,WILLIAMS,smith,brickmaker,1722-11-07,Jane,GREEN,carpenter
Charlotte,F,TUCKER,James,MOUNTFORD,blacksmith,master mariner,1721-06-29,Margret,TUCKER,contractor
Joseph,M,FOX,William,REYNOLDS,mariner,jailor,1729-09-17,Jane,FOX,baker
Jessie,F,DERBY,Hugh,CURD,stonemason,silk dyer,1726-01-31,Isabella,DERBY,cement works foreman
Nellie,F,ENGLISH,Robert,CHALMERS,tailor,carriage works tinsmith,1722-06-19,Margaret,ENGLISH,coal merchant
Elizabeth,F,BOLAND,James,LEES,blacksmith,master mariner,1723-11-12,Agnes,BOLAND,shoemaker
William,M,LYONS,Edward,NOTT,chemist and druggist,builder,1724-08-01,Susanah,LYONS,farmer
James,M,BOND,James,CRAUFORD,delver,joiner,1736-01-14,Margt,BOND,station master
Catherine,F,ROGERS,James,ELDRED,servant,"manager, tile factory",1722-01-09,Mary,ROGERS,"shop assistant, jewellers"
Isabella,F,HILL,John,HOWEL,chainmaker,boilermaker,1731-07-15,Mary,HILL,servant
Betsy,F,MARCH,Andrew,MITCHELL,bricklayer,domestic servant,1729-12-18,Margaret,MARCH,farmer
Alexr,M,BURNETT,John,JACKSON,collier,"fireman,",1728-05-09,Amelia,BURNETT,innkeeper
Agnes,F,TAYLOR,William,EVANS,officer of customs & excise (docks),mechanical engineering worker (skilled),1722-05-15,Isabella,TAYLOR,railway fireman
James,M,DAVIES,Mark,SPRINGETT,transport rider,cabinet maker,1727-09-01,Elizabeth,DAVIES,carpenter
Sarah,F,BACKHOUSE,Thomas,DAVIDSON,ag lab,"assistant secretary, museum",1725-10-14,Jane,BACKHOUSE,tailor
Alice,F,SMITH,Hugh,SPRAGG,potter,engine driver (british rail),1724-04-23,Isabella,SMITH,gold cutter
Helen,F,SMITH,Hugh,SPRAGG,potter,engine driver (british rail),1724-04-23,Isabella,SMITH,bank partner
Jessie,F,PERRY,John,BINGHAM,coal miner,house parlour maid,1727-11-16,Jane,PERRY,glassmaker
Elizabeth,F,TAYLOR,John,PICKTON,mason,farmer,1725-06-11,Elizabeth,TAYLOR,police constable
Annie,F,CALVERT,Alexr,HENDELL,shoemaker,waterman,1723-10-26,Janet,CALVERT,harness maker
Ann,F,BENN,Charles,HOWARTH,domestic servant,farm labourer,1724-02-25,Jane,BENN,labourer
James,M,WILLIAMS,David,RAE,cab proprietor,cheesemonger,1726-11-08,Elizabeth,WILLIAMS,gardener
Jessie,F,MORRISON,William,HARRISON,miller,painter,1727-11-27,Jessie,MORRISON,farmer
Andrew,M,DAUKES,James,REDFORDS,carter,gardener,1727-10-30,Anne,DAUKES,hawker
Annie,F,THOMAS,Samuel,GREENAWAY,landowner,nurseryman,1726-08-06,Christina,THOMAS,framework knitter
Jane,F,STEPHENS,Wm,KNOW,riding master,secretary,1725-09-05,Janet,STEPHENS,nailer
Rachael,F,STEPHENS,Wm,KNOW,riding master,secretary,1725-09-05,Janet,STEPHENS,barrister
Ann,F,TONGE,John,ROBINSON,parish clerk,locksmith,1728-01-09,Sophia,TONGE,framework knitter
Ella,F,TUCKER,James,MOUNTFORD,blacksmith,master mariner,1724-11-15,Margret,TUCKER,farmer
David,M,FLINT,Robert,MORISON,farmer,grocer,1728-07-22,Jane,FLINT,mechanical engineer
Betsy,F,BOWMAN,Hugh,TREDWIN,draper,clerk,1724-12-14,Jane,BOWMAN,lab
Mary,F,CORNER,Donald,SCHOLES,chargehand/foreman,bootmaker,1731-05-30,Marion,CORNER,river water mariner
Sarah,F,WALLER,Robert,SMITH,hawker,farmer,1726-06-06,Caloline,WALLER,shipwright (hm dockyard)
Louisa,F,ROBINSON,James,STONE,shoemaker,coal miner,1731-10-21,Annie,ROBINSON,weaver
David,M,PHILLIPS,John,SHINN,textile worker,mariner,1726-11-01,Ellen,PHILLIPS,ag lab
John,M,WHATTON,John,STEPHENSON,carpenter,mariner,1729-10-02,Elisabeth,WHATTON,turner
Thomas,M,BAKER,William,HALL,cordwainer,ag lab,1731-06-24,Elizebath,BAKER,miner
George,M,HOLLAND,Willia,MAGRATH,lt rn,stone cutter,1728-03-05,Agnes,HOLLAND,cloth dresser
Henry,M,ROGERS,James,ELDRED,servant,"manager, tile factory",1725-07-06,Mary,ROGERS,porter
David,M,TAYLOR,William,EVANS,officer of customs & excise (docks),mechanical engineering worker (skilled),1727-01-27,Isabella,TAYLOR,gamekeeper
Margaret,F,ENGLISH,Robert,CHALMERS,tailor,carriage works tinsmith,1730-06-11,Margaret,ENGLISH,wheelwright
Jane,F,HALL,Daniel,LATINDIE,forgeman,gentleman,1727-12-16,Jane,HALL,carpenter
Agnes,F,MCCRAE,Henry,WALTERS,servant,gardener,1729-03-02,Jane,MCCRAE,shoemaker
Bella,F,SCAUTLEBURG,Alexander,HAMPDEN,secretary,ag lab,1740-05-26,Maggie,SCAUTLEBURG,farmer
Jean,F,RAND,David,FREELING,shipwright,printer,1740-09-07,Jane,RAND,farmer
Mary,F,BENSON,Alexander,HARRIS,coachman/groom,foreman (boot making),1748-03-08,Jessie,BENSON,machinist
Thomas,M,BURT,John,HUNTER,currier,file cutter,1728-10-30,Georgina,BURT,silk mercer
Mary,F,MCALLISTER,Adam,ATKIN,stonemason,cook and housekeeper,1735-11-28,Mary,MCALLISTER,compositor
James,M,BECK,Malcolm,FELL,builder,farmer,1740-03-25,Kate,BECK,horseshoer
James,M,STEDMAN,David,HART,coal miner,cutter,1732-01-27,Helen,STEDMAN,ratefixer at electrical engineers
Grace,F,GREEN,James,WILLIAMS,smith,brickmaker,1729-12-30,Jane,GREEN,"machinist, uniforms"
Margaret,F,ADAMSON,Andrew,GIBSON,weaver,fitter and turner,1729-03-20,Isabella,ADAMSON,labourer
John,M,HUNTLEY,Samuel,BAKER,shepherd,coal miner,1735-09-12,Jane,HUNTLEY,army lieutenant
David,M,ROGERS,Kenneth,SMITH,iron moulder,licensed victualler,1730-08-08,Margaret,ROGERS,watchmaker
Margaret,F,DYER,David,ANDERSON,painter,vinegar merchant,1727-09-13,Alice,DYER,pharmacist
Jeannie,F,FAIR,James,NORSK,thatcher,crane driver,1726-03-30,Mary,FAIR,woollen spinner
William,M,RACKHAM,Alexander,WALLACE,shoemaker,plasterer,1734-01-13,Janet,RACKHAM,farmer
Jessie,F,GRETTON,Andrew,FERDINAND,shepherd,blacksmith,1730-03-06,Helen,GRETTON,labourer
Robert,M,SPENCE,David,MANNING,provision dealer,bootmaker,1731-02-22,Margaret,SPENCE,gentlemans club porter
David,M,SKEAD,Alexander,PEPPERELL,tailor,broker,1731-02-11,Helen,SKEAD,ladies maid
Robt,M,HARTLEY,William,YARLEY,labourer,labourer,1735-04-28,Jane,HARTLEY,clerk in holy orders
Mary,F,KEARSLEY,Archibald,DOW,grocer,labourer,1732-02-16,Ann,KEARSLEY,postman
Matthew,M,MCDONALD,Andrew,HAYES,labourer,grocer's assist.,1729-09-21,Janet,MCDONALD,carpenter
Barbara,F,WRIGHT,Andrew,MARLES,blacksmith,engineer,1732-09-11,Janet,WRIGHT,labourer in hm dockyard
George,M,CALVERT,Alexr,HENDELL,shoemaker,waterman,1726-05-31,Janet,CALVERT,cotton spinner
John,M,ADAMSON,George,HARRISS,lady's maid,plasterer,1736-03-14,Jane,ADAMSON,master butcher
Archibald,M,BOLAND,James,LEES,blacksmith,master mariner,1728-11-05,Agnes,BOLAND,leather goods maker
Hugh,M,CARTER,Robert,SELKIRK,servant,fisherman,1737-01-06,Emma,CARTER,miller
Agnes,F,OXLEE,Robert,DYSON,farmer and land owner,lab,1735-02-24,Rebecca,OXLEE,baptist minister
Mary,F,TUSTIN,Robert,DUPLOCK,ag lab,farrier,1732-08-05,Martha,TUSTIN,clerk  football pools company
Daniel,M,SPIRES,John,GRINDROD,tailor,labourer,1728-08-05,Joann,SPIRES,currier
James,M,ODEY,Peter,FARBROTHER,cafe proprietor,servant,1729-08-13,Matilda,ODEY,miner
John,M,BENN,Charles,HOWARTH,domestic servant,farm labourer,1727-05-23,Jane,BENN,farmer
Hellen,F,RICH,James,FAGAN,time keeper (civil engineering),teacher,1732-02-26,Isabella,RICH,plasterer
Mary,F,DANNILS,Robert,LOCK,warehouseman,foreman mechanic,1729-07-24,Marion,DANNILS,blacksmith
Jane,F,SWANSON,John,RYAN,sawyer,blacksmith,1731-09-20,Joan,SWANSON,farmer
William,M,REAKES,Willi,SCHULEN,labourer,fitter at steelplant,1734-06-03,Elizabeth,REAKES,miner
Wiliam,M,SMITH,Hugh,SPRAGG,potter,engine driver (british rail),1732-08-29,Isabella,SMITH,labourer
Isabella,F,DAVIES,James,RAY,meal miller,welder,1731-07-07,Jessie,DAVIES,carpenter
Agnes,F,FRITH,Malcolm,GRAHAM,butcher,pawn broker,1737-01-11,Margaret,FRITH,lab
Alexander,M,RICHARDSON,Alexander,CULL,servant,mechanic,1728-09-01,Margaret,RICHARDSON,watchmaker
Janet,F,HAWKEN,Alexander,BENNETT,domestic servant (parlourmaid),colliery engineer,1730-11-07,Catharine,HAWKEN,motorman
William,M,BUCK,Archibald,REES,munitions factory worker,senior contract engineer,1730-10-20,Margaret,BUCK,lab
Duncan,M,HERNE,John,JONES,farmer,tanner,1730-12-13,Elizabeth,HERNE,woollen draper
Jane,F,LIFTON,James,HOLLIWELL,gilder,carpenter,1727-08-05,Margaret,LIFTON,fisherman
Ellen,F,LYONS,Edward,NOTT,chemist and druggist,builder,1731-12-24,Susanah,LYONS,builder
Mary,F,SNOOK,Alexr,THOMAS,mercantile clerk,bootcloser,1730-10-26,Margaret,SNOOK,labourer in iron factory
Jane,F,TUCKER,James,MOUNTFORD,blacksmith,master mariner,1726-01-28,Margret,TUCKER,carpenter
Jane,F,OFFLER,Charles,WELLS,labourer,miner,1728-06-01,Mary,OFFLER,sugar boiler
Agnes,F,BOWMAN,Hugh,TREDWIN,draper,clerk,1728-06-02,Jane,BOWMAN,mason
Helen,F,PAINE,Edward,LOWSON,ag lab,seamstress,1734-06-17,Ellen,PAINE,assistant foreman
George,M,RIEVERTS,Harvey,COOKMAN,servant,farmer,1736-03-23,Annie,RIEVERTS,ropemaker
Jas,M,FULKER,James,BARBER,farmer,coachman,1729-02-10,Mary,FULKER,public transport omnibus driver
Samuel,M,HALL,John,ALLCOCK,greengrocer,analytical chemist,1735-10-31,Jane,HALL,architect
Mary,F,CLARKE,Willia,HARRIS,relief stamper,farm manager,1731-08-25,Maggie,CLARKE,groom
David,M,ROGERS,James,ELDRED,servant,"manager, tile factory",1729-10-27,Mary,ROGERS,coachman
Thomas,M,MORRIS,John,MILLER,farmer,school attendance officer,1731-03-02,Margaret,MORRIS,farmer
Elspet,F,SHAW,Henry,DOUR,engineer,boatman,1730-06-06,Elizabeth,SHAW,carpenter
Christina,F,CROOKS,Thomas,LAXTON,farmer,gardener,1739-08-21,Agnes,CROOKS,school mistress
Jeanie,F,STEPHENS,Wm,KNOW,riding master,secretary,1728-06-18,Janet,STEPHENS,mariner
Grace,F,DOWN,George,SHOOTER,printer,tanner,1732-12-08,Mary,DOWN,gentlemans coachman
Duncan,M,MANNING,James,TYNE,quarryman,farmer,1730-03-05,Mary,MANNING,tailor
George,M,BACKHOUSE,Thomas,DAVIDSON,ag lab,"assistant secretary, museum",1730-09-15,Jane,BACKHOUSE,gardener
Robert,M,FOSTER,Hugh,TROOP,labourer,oriform machinist,1735-08-24,Eliz,FOSTER,labourer
David,M,HARD,George,HUTTON,mason,blacksmith,1740-02-18,Annie,HARD,blacksmith
Margaret,F,MILLER,James,PHILLIPS,jack frame tenter (cotton mill),domestic servant,1731-07-01,C,MILLER,corporal & shorthand typist in legal branch of arm
Donald,M,EVANS,Archibald,BRAY,farmer,labourer,1748-05-10,Catherine,EVANS,sailor
James,M,HODGSON,Robert,MCCALLUM,labourer,cigarette maker,1734-02-21,Jessie,HODGSON,drover
George,M,FAIR,James,NORSK,thatcher,crane driver,1733-03-03,Mary,FAIR,farmer
Mary,F,BARKER,Samuel,STEWART,grocer,warehouseman,1729-12-27,Christina,BARKER,personal assistant to dept manager
Eliza,F,ROBERTS,Samuel,FORRESTER,domestic cleaner,jeweller,1735-11-18,Christiana,ROBERTS,shipwright
Agnes,F,GILMOUR,William,ALLEN,scrap labourer,railway clerk,1734-02-28,Isabella,GILMOUR,farm bailiff
Jessie,F,BODEN,James,GARDENER,servant,school master,1739-07-03,Elspet,BODEN,coal miner
Lucinda,F,FOURACRE,John,MALPAS,shopkeeper,weaver,1731-06-18,Margaret,FOURACRE,weaver
Mary,F,CHESTERTON,John,MUSTY,dockyard policeman,stonemason,1733-11-06,Marjory,CHESTERTON,commercial traveller (dec'd)
Annie,F,JONE,Duncan,PARDOE,saddler,gardener,1735-06-30,Jane,JONE,shop assistant
Ann,F,JONE,Duncan,PARDOE,saddler,gardener,1735-06-30,Jane,JONE,general labourer
Alexander,M,CALVERT,Alexr,HENDELL,shoemaker,waterman,1729-11-25,Janet,CALVERT,electrician
Jessie,F,WALLER,Robert,SMITH,hawker,farmer,1731-01-28,Caloline,WALLER,mason
Annie,F,VICKERS,Wm,WHITTLE,glassmaker,blacksmith,1729-11-22,Mary,VICKERS,engineer
Will,M,LONDON,John,PASSMORE,farmer,map and print colourer,1734-01-06,Ann,LONDON,headmaster
John,M,STURGESS,Patrick,FORRESTER,shoe finisher,steel erector,1741-01-26,Annie,STURGESS,accountant
Annie,F,RAMSDEN,Will,WEBESTER,railway guard,master butcher,1735-06-04,Elen,RAMSDEN,clerk in holy orders
Euphema,F,THOMAS,Samuel,GREENAWAY,landowner,nurseryman,1731-06-11,Christina,THOMAS,clerk
Mary,F,PHILLIPS,John,SHINN,textile worker,mariner,1734-11-30,Ellen,PHILLIPS,farmer
Colin,M,WILLIAMS,David,RAE,cab proprietor,cheesemonger,1734-03-27,Elizabeth,WILLIAMS,solicitor
Mary,F,MORAN,Thomas,BARSBY,ships carpenter,bricklayer,1735-09-26,Elizabeth,MORAN,paper mill worker
John,M,DAVIES,William,PAWSEY,shop owner,iron merchant,1736-09-19,Mary,DAVIES,compositor
Jessie,F,THOMAS,Matthew,GILL,farmer,domestic servant,1734-01-26,Margaret,THOMAS,dressmaker
Robert,M,QUARLE,James,BARRETT,farm labourer,laundress,1736-03-27,Mary,QUARLE,sea captain
Jessie,F,DICKENSON,James,RISPIN,yeoman  farmer,"box tenter, woollen mill",1735-02-04,Martha,DICKENSON,gardener
Catherine,F,BELL,John,HARDCASTLE,lab,carpenter,1739-06-02,Helen,BELL,lacemaker
Robert,M,TAYLOR,William,EVANS,officer of customs & excise (docks),mechanical engineering worker (skilled),1730-11-11,Isabella,TAYLOR,servant
Charles,M,SAUNDERSON,William,WETHERELL,mariner,farm labourer,1731-11-15,Mary,SAUNDERSON,coal miner
Jane,F,PETERS,Caldwell,NORTH,farmer,boiler maker,1732-03-28,Maggie,PETERS,gardener
Willia,M,BENN,Charles,HOWARTH,domestic servant,farm labourer,1733-03-05,Jane,BENN,draper
Georgina,F,LOCH,Alfred,MCMILLAN,steam roller driver,miller,1733-12-04,Annie,LOCH,cotton mill dresser
Catherine,F,CHAPLIN,William,BROWNLIE,weaver,policeman,1738-07-06,Ann,CHAPLIN,master tailor
Janet,F,LIFTON,James,HOLLIWELL,gilder,carpenter,1729-11-26,Margaret,LIFTON,farmer
Elizbeth,F,EDWARD,Samuel,DAWSON,farmer,"builder, master (dockyards)",1732-05-13,Helen,EDWARD,ag lab
Robt,M,DAVIES,Mark,SPRINGETT,transport rider,cabinet maker,1733-12-28,Elizabeth,DAVIES,granite polisher
Alexander,M,DAVIES,Mark,SPRINGETT,transport rider,cabinet maker,1733-12-28,Elizabeth,DAVIES,farmer
William,M,DAVIES,Mark,SPRINGETT,transport rider,cabinet maker,1733-12-28,Elizabeth,DAVIES,labourer
Malm,M,DAVIES,Mark,SPRINGETT,transport rider,cabinet maker,1733-12-28,Elizabeth,DAVIES,domestic servant
James,M,HEATLEY,Archbald,SUTCLIFFE,head brewer,commercial traveller,1732-09-01,Harriet,HEATLEY,chief boatswain (coastguard)
Maggie,F,DYER,David,ANDERSON,painter,vinegar merchant,1733-04-05,Alice,DYER,miller
Marion,F,DAUKES,James,REDFORDS,carter,gardener,1730-03-02,Anne,DAUKES,sailor
Robert,M,PERRY,John,BINGHAM,coal miner,house parlour maid,1740-08-07,Jane,PERRY,miner
George,M,MORRISON,William,HARRISON,miller,painter,1739-03-06,Jessie,MORRISON,boilermaker
Mary,F,SIMON,George,BROWN,soldier,thatcher,1734-08-16,Jessie,SIMON,tailoress
Rob,M,HALL,Daniel,LATINDIE,forgeman,gentleman,1733-07-08,Jane,HALL,tenant farmer
Margaret,F,TONGE,John,ROBINSON,parish clerk,locksmith,1736-03-04,Sophia,TONGE,weaver
Ruth,F,MORTIMER,John,LYNALL,telephone engineer - g.p.o.,dressmaker,1732-04-27,Elizth,MORTIMER,coal miner
Thos,M,CHADWICH,Charles,JONES,engineer,cabinet maker,1732-01-11,Maggie,CHADWICH,lab
Helen,F,CHADWICH,Charles,JONES,engineer,cabinet maker,1732-01-11,Maggie,CHADWICH,stone mason
Maggie,F,GARDNER,William,HANOLD,house carpenter,house agent,1737-05-24,Elizabeth,GARDNER,printer
Sarah,F,HOLLAND,Willia,MAGRATH,lt rn,stone cutter,1732-10-10,Agnes,HOLLAND,labourer
Jane,F,MUNDELL,John,REAKES,labourer,farmer,1734-06-30,Margaret,MUNDELL,cordwainer
Margaret,F,ANDERSON,Patrick,MOON,farmer,police constable,1732-09-28,Ann,ANDERSON,tailor
James,M,ROBERTS,Robert,RODGERS,farmer,labourer,1745-06-01,Mary,ROBERTS,clerk in holy orders
George,M,BOYLE,Hector,WATON,iron works manager,labourer,1736-03-12,Agnes,BOYLE,mechanical dentist
Agnes,F,FLETCHER,Andrew,COOK,bleacher,shop assistant in greengrocer's,1734-09-26,Ann,FLETCHER,sanitary inspector
Isabella,F,TODD,James,ELLIS,timber merchant,farm labourer,1745-11-27,Ann,TODD,school teacher
Alexander,M,STIVEY,Edmund,LAWSON,butcher,gas works labourer,1735-07-19,Jane,STIVEY,quarryman
Agnes,F,OVENDEN,David,CRICK,grazier,butcher,1736-01-11,Jane,OVENDEN,warehouseman
Catherine,F,BURNETT,John,JACKSON,collier,"fireman,",1736-12-14,Amelia,BURNETT,painter
Jessie,F,OFFLER,Charles,WELLS,labourer,miner,1735-07-27,Mary,OFFLER,teacher
Marion,F,BOWMAN,Hugh,TREDWIN,draper,clerk,1733-03-07,Jane,BOWMAN,"civil servant, post office"
Mary,F,KENNETT,Robert,SHAW,foreman fire service,lab,1732-06-05,Janet,KENNETT,painter
Thomas,M,STEPHENS,Wm,KNOW,riding master,secretary,1731-02-18,Janet,STEPHENS,fisherman
Isabella,F,FLINT,Robert,MORISON,farmer,grocer,1735-06-10,Jane,FLINT,domestic servant
Williamina,F,SPIRES,John,GRINDROD,tailor,labourer,1732-08-29,Joann,SPIRES,bank clerk
John,M,BROWN,John,LEES,lab,horsekeeper,1734-04-08,Mary,BROWN,builder
Annie,F,RICHARDSON,Alexander,CULL,servant,mechanic,1733-04-08,Margaret,RICHARDSON,cotton broker
Donald,M,BURT,John,HUNTER,currier,file cutter,1732-11-27,Georgina,BURT,carpenter
John,M,CHANNAR,Duncan,SMITH,carpenter,smith,1740-01-02,Helen,CHANNAR,miner (face)
Ann,F,THOMPSON,Jas,HISCOCKS,butcher,shear striker,1733-10-31,Elizabeth,THOMPSON,cordwainer
Mary,F,BOLAND,James,LEES,blacksmith,master mariner,1733-11-09,Agnes,BOLAND,maltster
Jessie,F,WALLER,John,KERR,farmer,gardener,1737-12-27,Mary,WALLER,coach painter
Terrace,M,MOORE,Thomas,MANN,tailor,tanner,1732-05-19,Ketty,MOORE,butcher
Donald,M,JENNINGS,Duncan,GREASELEY,coastguard,mariner,1738-10-29,Janet,JENNINGS,labourer
Dugald,F,FULKER,James,BARBER,farmer,coachman,1738-09-01,Mary,FULKER,central heating & plumber engineer
Hugh,M,BROWN,James,TILLE,bricklayer,labourer,1731-08-07,Matilda,BROWN,warehouse man
Mary,F,WOOTTON,George,ELWORTHY,secretary,stonemason,1735-01-29,Jane,WOOTTON,waterman
John,M,MCCRAE,Henry,WALTERS,servant,gardener,1736-04-17,Jane,MCCRAE,lace maker
John,M,LEE,Thomas,VOYER,puddler (at iron works),seaman,1752-07-29,Janet,LEE,domestic servant
Mary,F,ADAMSON,Andrew,GIBSON,weaver,fitter and turner,1736-04-16,Isabella,ADAMSON,table knife hafter
Margaret,F,NIMMO,John,ROBERTS,farmer,bottlemaker,1738-03-20,Mary,NIMMO,builders labourer
William,M,CLEMO,Charles,BROWN,ag lab,grocer,1735-04-28,Sarah,CLEMO,farmer
Robert,M,MINTO,John,HOBERTON,ag lab,straw plaiter,1740-05-30,Elizabeth,MINTO,lab
Elizabeth,F,CLARK,Patrick,SLITH,farmer,"clerk, railway works",1733-08-01,Elizabeth,CLARK,miner
John,M,HARRIS,John,MITCHELL,file cutter,labourer,1737-04-22,Margret,HARRIS,railwayman
Alexander,M,DANNILS,Robert,LOCK,warehouseman,foreman mechanic,1734-12-27,Marion,DANNILS,ag lab
Alexr,M,ODEY,Peter,FARBROTHER,cafe proprietor,servant,1736-03-28,Matilda,ODEY,"sergeant, royal marines"
William,M,STRUIGER,Hugh,CROSSIAN,miner,typist,1736-11-07,Margaret,STRUIGER,iron works employee
Hugh,M,FOX,William,REYNOLDS,mariner,jailor,1743-09-15,Jane,FOX,general lab
Hannah,F,MCDONALD,Andrew,HAYES,labourer,grocer's assist.,1732-11-11,Janet,MCDONALD,shoemaker
James,M,WHATTON,John,STEPHENSON,carpenter,mariner,1736-03-29,Elisabeth,WHATTON,farmer
Jane,F,CORBY,Daniel,ASPREAL,labourer,joiner,1737-11-05,Janet,CORBY,saddler
Jean,F,TEASDALE,James,SLATARD,labourer,farmer,1746-01-16,Elspeth,TEASDALE,clerk
James,M,ROGERS,James,ELDRED,servant,"manager, tile factory",1734-09-25,Mary,ROGERS,gardener
Peter,M,HAMPTON,Alexander,DAVIES,labourer,manager of newsagent/tobacconist,1737-06-13,Rebecca,HAMPTON,corresponding clerk
Will,M,TAYLOR,John,MASLIN,mason,clerk,1736-02-09,Sarah,TAYLOR,enamel leather worker
Samuel,M,VICKERS,Wm,WHITTLE,glassmaker,blacksmith,1734-09-01,Mary,VICKERS,blacksmith
Malcom,M,CALVERT,Alexr,HENDELL,shoemaker,waterman,1734-07-21,Janet,CALVERT,engineering contractor
Elizabeth,F,LIFTON,James,HOLLIWELL,gilder,carpenter,1734-05-04,Margaret,LIFTON,dental surgeon
David,M,JONES,Alexanda,NICHOLLS,blacksmith,twister,1744-07-24,Mary,JONES,coal miner
Margaret,F,MARCH,Andrew,MITCHELL,bricklayer,domestic servant,1739-05-08,Margaret,MARCH,ship wright
Samuel,M,BARKER,Samuel,STEWART,grocer,warehouseman,1735-02-28,Christina,BARKER,labourer
Stewart,M,GREEN,James,WILLIAMS,smith,brickmaker,1738-02-09,Jane,GREEN,gardener
James,M,DAUKES,James,REDFORDS,carter,gardener,1736-02-16,Anne,DAUKES,butcher
Thomas,M,MANNING,James,TYNE,quarryman,farmer,1739-08-15,Mary,MANNING,ironmonger
Eliza,F,GRETTON,Andrew,FERDINAND,shepherd,blacksmith,1734-04-11,Helen,GRETTON,laundress
Agnes,F,WEDLOCK,John,DUDLEY,clay tobacco pipe maker,labourer,1736-02-14,Agnes,WEDLOCK,ag lab
Jane,F,HORSNALL,Joseph,BRADDISH,shoe shop manageress,hotel keeper,1739-10-17,Thos,HORSNALL,blacksmith
Jane,F,ANDREWS,David,FORMAN,railway inspector,pattern maker,1733-10-30,Agnes,ANDREWS,gardener
Grace,F,SMITH,James,DAVIDGE,ladies companion,farmer,1752-07-27,Jane,SMITH,perpetual curate
James,M,COLES,Robert,EVANS,watchmaker,gentleman,1736-06-22,Margaret,COLES,labourer
William,M,COLES,Robert,EVANS,watchmaker,gentleman,1736-06-22,Margaret,COLES,labourer
Mary,F,ROWAN,Christopher,LONG,reeler,clerk,1739-07-25,Maria,ROWAN,tobacconist
Alexander,M,SUMMERS,Dugald,DUFF,labourer,lab,1735-12-07,Mary,SUMMERS,spinner
John,M,ENGLISH,Robert,CHALMERS,tailor,carriage works tinsmith,1739-11-18,Margaret,ENGLISH,farmer
Edward,M,FINLAY,James,WESTERN,clothier,printers machine ruler,1735-02-24,Marion,FINLAY,furnace tenter
Thomas,M,HONES,Alexander,CONNELL,butcher,shop assistant,1737-07-26,Therese,HONES,woollen twister
Lillias,F,HUGHES,James,SAMBROOK,cottager,boot and shoe maker,1740-10-23,Agnes,HUGHES,jeweller and watchmaker
James,M,JEPSON,Samuel,ADDIS,carter,miner,1739-07-17,Janet,JEPSON,electrician
Alexander,M,BERRY,Alexander,HAHICK,farm labourer,stone mason,1732-12-05,Gorgenia,BERRY,"store keeper, south indian railway"
Donald,M,GREEN,William,BELL,fustian cutter,cafe proprietor,1745-06-29,Marion,GREEN,lab
Robert,M,BACKHOUSE,Thomas,DAVIDSON,ag lab,"assistant secretary, museum",1735-11-19,Jane,BACKHOUSE,coal miner
Eliza,F,GRAY,William,SHANKS,colliery checkweighman,servant,1734-09-17,Jane,GRAY,furniture removal man
William,M,GREIG,Thomas,SMITH,whitefisher,lab,1741-05-09,Sohia,GREIG,engineer
Margaret,F,SNOOK,Alexr,THOMAS,mercantile clerk,bootcloser,1732-03-10,Margaret,SNOOK,building contractor
Cather,F,DERBY,Hugh,BALDWIN,stonemason,dressmaker,1746-05-08,Isabella,DERBY,servant
Peter,M,ASHFORD,Allan,PIERCE,refreshment contractor,labourer,1736-05-28,Maggie,ASHFORD,clerk (board of trade )
Christian,F,HAWKEN,Alexander,BENNETT,domestic servant (parlourmaid),colliery engineer,1735-09-09,Catharine,HAWKEN,mason
Martha,F,TAYLOR,William,EVANS,officer of customs & excise (docks),mechanical engineering worker (skilled),1733-09-23,Isabella,TAYLOR,lab
Cathrine,F,ASTILE,Daniel,WEST,labourer,carpenter,1738-06-28,Agnes,ASTILE,railway labourer
Isabella,F,HERNE,John,JONES,farmer,tanner,1734-07-25,Elizabeth,HERNE,labourer
George,M,LANGLEY,James,CRACKRICH,stonecutter,customs officer,1736-09-02,Jemima,LANGLEY,limestone miner
George,M,WALLER,Robert,SMITH,hawker,farmer,1736-04-13,Caloline,WALLER,ag lab
Wm,M,SKEAD,Alexander,PEPPERELL,tailor,broker,1735-08-04,Helen,SKEAD,labourer
John,M,STEPHENS,Wm,KNOW,riding master,secretary,1735-10-15,Janet,STEPHENS,wheelwright
Jane,F,SPENCE,David,MANNING,provision dealer,bootmaker,1736-09-13,Margaret,SPENCE,servant
Agnes,F,SPENCE,David,MANNING,provision dealer,bootmaker,1736-09-13,Margaret,SPENCE,shoemaker
John,M,MCDERMID,James,SMITH,dentists assistant,husbandman,1736-06-10,Janet,MCDERMID,labourer
James,M,MORRIS,John,MILLER,farmer,school attendance officer,1736-05-23,Margaret,MORRIS,pub owner
Elizabeth,F,WINTERBOTTOM,John,GRIFFIN,chairmaker,coach proprietor,1740-01-10,Jean,WINTERBOTTOM,gamekeeper
John,M,MAKEPIECE,George,HUMBLE,dressmaker,bricklayer,1738-12-10,Eliza,MAKEPIECE,carpenter
Margaret,F,MAHER,William,BAXENDALL,ironmonger,machine maker,1737-07-09,Marion,MAHER,domestic coachman
Mary,F,MAHER,William,BAXENDALL,ironmonger,machine maker,1737-07-09,Marion,MAHER,hawker of pottery
Mary,F,LORD,George,BAKER,photographer,manufacturer,1737-01-07,Susan,LORD,"musician, coldstream guards"
Catherine,F,CORNER,Donald,SCHOLES,chargehand/foreman,bootmaker,1742-03-08,Marion,CORNER,coachman
Annie,F,THOMAS,Samuel,GREENAWAY,landowner,nurseryman,1734-10-08,Christina,THOMAS,joiner
James,M,MCNEILL,Robert,DOWLING,farmer,carpenter,1741-05-04,Catherine,MCNEILL,licensed victualler
Isabella,F,FOURACRE,John,MALPAS,shopkeeper,weaver,1738-01-08,Margaret,FOURACRE,printers compositor
Isabella,F,BAKER,William,HALL,cordwainer,ag lab,1738-12-16,Elizebath,BAKER,brickmaker
Mary,F,DAVIES,James,RAY,meal miller,welder,1736-03-26,Jessie,DAVIES,slate merchant
Bella,F,HILL,John,HOWEL,chainmaker,boilermaker,1741-10-16,Mary,HILL,iron moulder
Murray,M,EKINS,Robert,WALKER,mason,farmer,1735-12-16,Hannah,EKINS,domestic servant
John,M,EKINS,Robert,WALKER,mason,farmer,1735-12-16,Hannah,EKINS,brickmaker
Sarah,F,HARRIS,John,MUDD,accountant,printer,1737-10-27,Elisabeth,HARRIS,"army musician,"
Agnes,F,BOND,Alexander,HOLDSWORTH,clerk of cheque of ordnance,basket maker,1738-05-23,Margaret,BOND,carpenter
William,M,HICKS,George,COCK,gardener,servant,1739-01-03,Lousia,HICKS,bootmaker
Elizabeth,F,BROWN,James,TILLE,bricklayer,labourer,1735-06-04,Matilda,BROWN,gardener
George,M,JENNINGS,James,BOND,engineer,ships officer,1735-11-25,Catherine,JENNINGS,farmer
Alexander,M,LINESLEY,Alexander,SIMPKIN,engineer,farmer,1749-02-26,Mary,LINESLEY,servant
George,M,CLARKE,Willia,HARRIS,relief stamper,farm manager,1737-07-15,Maggie,CLARKE,operative chemist
Alexander,M,THYME,James,BIRD,millwright,mechanical engineer,1745-12-09,Agnes,THYME,ag lab
Margaret,F,THYME,James,BIRD,millwright,mechanical engineer,1745-12-09,Agnes,THYME,gardener
Eliza,F,SUNDERLAND,Alexander,FRESHWATER,farm lab,brass moulder,1736-02-16,Margaret,SUNDERLAND,caulker
Alexander,M,PALMER,William,MCKECHNIE,ag lab,yeoman,1743-08-24,Barbara,PALMER,"secretary, electricity board office"
Patrick,M,CRIMER,Robt,COOPER,carpet weaver,labourer,1735-03-28,Jane,CRIMER,undertaker
Alexander,M,JONES,John,MACHRAY,labourer,printer,1735-04-01,Jane,JONES,baker
Daniel,M,ROBINSON,James,STONE,shoemaker,coal miner,1742-03-01,Annie,ROBINSON,"officer, swiss army"
Elizabeth,F,HAZELDINE,Robert,HALFPENNY,woollen manufacturer,farmer and grazier,1745-11-16,Bridget,HAZELDINE,farm labourer
Charles,M,ELLIS,Willm,WHITEHOUSE,butcher,carter,1735-07-20,Edith,ELLIS,weaver
Mary,F,SAUNDERSON,William,WETHERELL,mariner,farm labourer,1736-03-21,Mary,SAUNDERSON,blacksmith
George,M,PEARCE,Anthony,CURD,paper merchant,silk dyer,1737-10-20,Isabella,PEARCE,sheriffs officer
Alexr,M,LYONS,Edward,NOTT,chemist and druggist,builder,1739-05-29,Susanah,LYONS,steel foundry moulder
Thomas,M,CHADWICH,Charles,JONES,engineer,cabinet maker,1737-01-25,Maggie,CHADWICH,refreshment contractor
Robert,M,CHADWICH,Charles,JONES,engineer,cabinet maker,1737-01-25,Maggie,CHADWICH,cattle spice manufacturer
Jane,F,BIRD,William,BATH,ag lab,poultry man,1736-03-29,Julia,BIRD,clerk
William,M,BEWSHER,Robert,BARRY,lab,gardener,1740-05-11,Mary,BEWSHER,farmer
Christina,F,STEDMAN,David,HART,coal miner,cutter,1738-01-03,Helen,STEDMAN,clerk with soft drinks firm
Margaret,F,BROWN,James,GOODMAN,clerk  (biscuit works ),school master,1741-07-21,Mary,BROWN,boot maker
Mary,F,KEARSLEY,Archibald,DOW,grocer,labourer,1738-11-20,Ann,KEARSLEY,shepherd
Margret,F,SNOOK,Alexr,THOMAS,mercantile clerk,bootcloser,1737-09-29,Margaret,SNOOK,cordwainer
Daniel,M,COULSON,David,GRUNDY,labourer,salvation army officer,1739-08-01,Agnes,COULSON,builders clerk
Robert,M,WILSON,Alexander,STEWART,silk winder,pharmaceutical chemist,1736-07-03,Cecilia,WILSON,launderer
Fred,M,CROSSGROVE,Robert,WATSON,general store keeper,farm lab,1737-02-26,Margaret,CROSSGROVE,carriage examiner
Jean,F,PETERS,Caldwell,NORTH,farmer,boiler maker,1738-10-28,Maggie,PETERS,farm bailiff
Thomas,M,BAMSEY,John,LARKIN,labourer,carpenter,1737-06-22,Catherine,BAMSEY,chainmaker
Betsy,F,MORTIMER,John,LYNALL,telephone engineer - g.p.o.,dressmaker,1736-11-20,Elizth,MORTIMER,miller
Andrew,M,LAMB,Thomas,GULLY,wool mill worker,servant,1738-06-23,Margaret,LAMB,cowman
Mary,F,GIBB,Francis,SINCLAIR,tailoress,bookbinder,1739-10-21,Margaret,GIBB,lab
Isabella,F,EDWARD,Samuel,DAWSON,farmer,"builder, master (dockyards)",1735-12-27,Helen,EDWARD,typist for solicitor
James,M,EDWARD,Samuel,DAWSON,farmer,"builder, master (dockyards)",1735-12-27,Helen,EDWARD,smith
William,M,MOORE,Thomas,MANN,tailor,tanner,1736-04-22,Ketty,MOORE,housekeeper
Christina,F,KENNETT,Robert,SHAW,foreman fire service,lab,1737-05-30,Janet,KENNETT,bread baker
John,M,HOLLINGDALE,George,PEARTON,farmer,coal merchant,1737-05-09,Mary,HOLLINGDALE,clerk in holy orders
Robert,M,RALPH,David,ALLISON,postboy,tailor,1738-11-22,Elizabeth,RALPH,waterman
Frank,M,KIDNEY,Peter,ADAMS,builder,labourer,1741-11-03,Marion,KIDNEY,blacksmith
John,M,DUNN,William,BROWN,miller,engineer,1737-11-01,Betsy,DUNN,skinner & tanner
Wm,M,TUSTIN,Robert,DUPLOCK,ag lab,farrier,1738-07-08,Martha,TUSTIN,policeman
Isabella,F,SPIRES,John,GRINDROD,tailor,labourer,1736-05-26,Joann,SPIRES,stonemason
Elizabeth,F,HEATLEY,Archbald,SUTCLIFFE,head brewer,commercial traveller,1738-03-28,Harriet,HEATLEY,butcher
Charles,M,CARTWRIGHT,William,RAE,carpet weaver,cheesemonger,1736-11-15,Elizabeth,CARTWRIGHT,gardener
Andrew,M,BROWNE,Charles,RILEY,farmer,bookbinder,1739-11-26,Catherine,BROWNE,shop assistant
Jane,F,SERGEANT,Charles,LLOYD,ag lab,carpenter,1737-03-03,Jeanie,SERGEANT,engineer
Elizabeth,F,JOHNSTON,Alexander,WOOD,civil engineer,mariner,1736-02-09,Mary,JOHNSTON,miner
Thomas,M,CURTIS,Peter,FORBES,carter,mechanic,1740-11-03,Mary,CURTIS,grocer
William,M,WRIGHT,Andrew,MARLES,blacksmith,engineer,1741-11-28,Janet,WRIGHT,farmer
Joanna,F,HOPGOOD,George,BUCK,timber dealer,medical practitioner,1739-04-26,Catherine,HOPGOOD,maltmakers lab
Jane,F,DAVIDSON,John,TODD,farmer,butcher,1736-06-21,Adaline,DAVIDSON,weaver
Robert,M,ANDERSON,Patrick,MOON,farmer,police constable,1738-10-21,Ann,ANDERSON,master mason
Ellen,F,BRIDDON,William,BARKER,tailor,civil engineer,1737-06-06,Elizabeth,BRIDDON,winder
Thomas,M,HOLLAND,Willia,MAGRATH,lt rn,stone cutter,1738-08-02,Agnes,HOLLAND,farmer
Mary,F,HOLLAND,Willia,MAGRATH,lt rn,stone cutter,1738-08-02,Agnes,HOLLAND,farmer
Margaret,F,STONE,Thomas,MORGANS,cloth finisher,delver,1734-09-16,Elizabeth,STONE,pattern maker
John,M,CAMERON,Charles,TAYLOR,coachman,tailor,1738-01-17,Sarah,CAMERON,delver
Alexander,M,LINNELL,Angus,ROBERTS,navel officer,fish curer,1741-03-13,Margaret,LINNELL,auctioneer's clerk
Margaret,F,LINNELL,Angus,ROBERTS,navel officer,fish curer,1741-03-13,Margaret,LINNELL,company director
John,M,WOODHOUSE,James,MORRISON,woollen draper,smith,1735-10-06,Margaret,WOODHOUSE,paymaster of royal artillery
Agnes,F,GOUNDRY,Willia,RUSBY,fireman,needlemaker,1736-12-13,Margaret,GOUNDRY,stonecutter
John,M,BURT,John,HUNTER,currier,file cutter,1737-01-16,Georgina,BURT,draughstman
Euphemia,F,BERRY,Alexander,HAHICK,farm labourer,stone mason,1739-06-28,Gorgenia,BERRY,tobacconist
Rosanna,F,DOWN,George,SHOOTER,printer,tanner,1741-11-07,Mary,DOWN,farm bailiff
David,M,HONEYWELL,William,STREMBELS,miller (postmill),engineer,1736-11-09,Jessie,HONEYWELL,farmer
Mary,F,BENN,Charles,HOWARTH,domestic servant,farm labourer,1737-07-23,Jane,BENN,cabinet maker
James,M,BOWMAN,Hugh,TREDWIN,draper,clerk,1735-06-05,Jane,BOWMAN,labourer
Thomas,M,DYER,David,ANDERSON,painter,vinegar merchant,1738-04-09,Alice,DYER,farmer
John,M,RICHARDSON,Alexander,CULL,servant,mechanic,1736-10-16,Margaret,RICHARDSON,station master
Jane,F,WALMSLEY,John,LOOD,research chemist,mason,1738-06-05,Margt,WALMSLEY,coal merchant
George,M,READ,George,AYERS,washerwoman,musician,1737-11-25,Janet,READ,worsted spinner (master)
Elizabeth,F,RICH,Peter,MOWAT,gasfitter,gun maker,1743-06-28,Jane,RICH,farmer
Samuel,M,HILL,James,SPRINGETT,"superintendant, port of london authority",labourer,1739-04-02,Maggie,HILL,coal miner
Margaret,F,MILWERT,James,WATT,labourer,hatter,1736-06-27,Jane,MILWERT,joiner
Isabella,F,HARDY,William,WHEELDON,lab,baker,1739-04-04,Isabella,HARDY,wool packer
Eliza,F,STUBBING,John,WRIGHT,model maker,woollen mill worker,1744-05-05,Elizabeth,STUBBING,gamekeeper
Mary,F,WARREN,John,MCPHERSON,bailiff,lab,1738-03-15,Margaret,WARREN,farmer
John,M,CLARK,Patrick,SLITH,farmer,"clerk, railway works",1736-04-08,Elizabeth,CLARK,plasterer
John,M,NICHOLAS,John,LEVINAY,cabinet maker,teacher,1735-03-12,Elizabeth,NICHOLAS,fisherman
Isobel,F,NICHOLAS,John,LEVINAY,cabinet maker,teacher,1735-03-12,Elizabeth,NICHOLAS,collier
Jenny,F,YATES,William,ENNEFER,chairmaker,carpenter,1739-09-21,Christina,YATES,veterinary surgeon
William,M,DUNCAN,Andrew,THOM,weaver,tailoress,1742-04-13,Janet,DUNCAN,thatcher
Alister,M,WATSON,Alfred,PRIMROSE,farmer,coal dealer,1740-03-04,Margret,WATSON,lab
Mary,F,TAYLOR,William,EVANS,officer of customs & excise (docks),mechanical engineering worker (skilled),1736-08-22,Isabella,TAYLOR,weaver
Hellen,F,ANDREWS,David,FORMAN,railway inspector,pattern maker,1737-04-27,Agnes,ANDREWS,labourer
Donald,M,THOMPSON,Jas,HISCOCKS,butcher,shear striker,1737-05-30,Elizabeth,THOMPSON,shipowner
Margaret,F,JOHNSON,John,FURRELL,wool broker,electrical engineer in the royal signals,1740-10-26,Margaret,JOHNSON,butcher
Robert,M,BOLAND,James,LEES,blacksmith,master mariner,1739-05-02,Agnes,BOLAND,farmer
James,M,MAWSON,James,CAMERON,cotton operative,lab,1741-04-21,Janet,MAWSON,domestic servant
Margaret,F,LOCH,Alfred,MCMILLAN,steam roller driver,miller,1737-12-13,Annie,LOCH,watchmaker
Samuel,M,SHAW,Henry,MCKITTON,engineer,medical practitioner,1742-08-15,Margaret,SHAW,baker & grocer
Alexander,M,LONDON,John,PASSMORE,farmer,map and print colourer,1740-11-21,Ann,LONDON,lab
David,M,RACKHAM,Alexander,WALLACE,shoemaker,plasterer,1742-05-07,Janet,RACKHAM,gardener
Janet,F,RACKHAM,Alexander,WALLACE,shoemaker,plasterer,1742-05-07,Janet,RACKHAM,domestic servant
Helen,F,THOMAS,Matthew,GILL,farmer,domestic servant,1737-10-11,Margaret,THOMAS,servant
Alexander,M,HODGSON,Robert,MCCALLUM,labourer,cigarette maker,1746-06-19,Jessie,HODGSON,school master
Elizabeth,F,GILMOUR,William,ALLEN,scrap labourer,railway clerk,1741-03-22,Isabella,GILMOUR,wheelwright
John,M,GILMOUR,William,ALLEN,scrap labourer,railway clerk,1741-03-22,Isabella,GILMOUR,builder
Donald,M,SIMPSON,James,GRIFFIN,musician,boatman,1741-10-17,Marion,SIMPSON,milliner
Mary,F,SHARPE,James,HANEND,baker,co-op manager,1737-06-13,Margt,SHARPE,bank clerk
Jane,F,DARVILL,William,LINELY,baker,potter,1744-12-26,Jessie,DARVILL,stillroom maid
Dougall,M,PLATT,Alexander,RANSON,house servant,stitcher,1742-12-09,Ann,PLATT,farmer
James,M,POTTER,Robert,WALLS,paper maker,spinner,1742-10-07,Mary,POTTER,furnaceman
Elizabeth,F,BOLLANY,Arthur,CARESWELL,lamplighter,potter,1741-11-14,Sarah,BOLLANY,farmer
John,M,BROWN,John,LEES,lab,horsekeeper,1745-04-04,Mary,BROWN,labourer
Charles,M,GRETTON,Andrew,FERDINAND,shepherd,blacksmith,1740-08-22,Helen,GRETTON,master mariner
Alfred,M,GRIMSHAW,James,LIVINGSTON,blacksmith,shoemaker,1745-10-15,Janet,GRIMSHAW,labourer
George,M,LIFTON,James,HOLLIWELL,gilder,carpenter,1736-08-19,Margaret,LIFTON,butcher
William,M,JANE,Thomas,PEPPER,gas fitter,farmer,1738-06-26,Janet,JANE,school mistress
Jane,F,DISCOMBE,Colin,HILL,water filter manufacturer,truck farmer,1739-08-13,Agnes,DISCOMBE,domestic servant
Jessie,F,VAIL,Andrew,JONES,dockyard worker,shoe binder,1740-10-30,Mary,VAIL,farmer (smallholder)
James,M,FRASER,Duncan,STANDLEY,bootmaker,worsted power loom weaver,1739-10-26,Isabella,FRASER,admiralty packer
Williammina,F,HARPER,John,SAGE,farm lab,farmer,1737-09-22,Mary,HARPER,cabinet maker
Mary,F,GOODWIN,John,MEADS,pattern dyer,warp dresser,1743-01-13,Mary,GOODWIN,asbestos spinner
Catherine,F,PAINE,Edward,LOWSON,ag lab,seamstress,1739-03-12,Ellen,PAINE,paymaster of royal artillery
James,M,PAINE,Edward,LOWSON,ag lab,seamstress,1739-03-12,Ellen,PAINE,labourer
Margaret,F,LARCOMBE,Alex,ROSS,master merchant mariner,farm bailiff,1736-11-18,Margaret,LARCOMBE,gamekeeper
William,M,MUNDELL,John,REAKES,labourer,farmer,1739-11-03,Margaret,MUNDELL,master printer
Robert,M,CALVERT,Alexr,HENDELL,shoemaker,waterman,1738-04-25,Janet,CALVERT,asst parish overseer
Janet,F,HERNE,John,JONES,farmer,tanner,1740-04-28,Elizabeth,HERNE,ecclesiastical carver
Kate,F,DAFT,William,LUSCOMBE,railway ganger,thatcher,1744-04-28,Margaret,DAFT,mariner
Henry,M,LYNN,Hugh,LISLE,cabinet maker,pork butcher,1742-01-21,Isabella,LYNN,labourer
Margaret,F,BROCKLEHURST,David,WARNER,collier,coal miner,1745-08-22,Jane,BROCKLEHURST,bootmaker
Elizabeth,F,DOCKER,William,BYFORD,spinner,joiner,1750-01-09,Jessie,DOCKER,able seaman - royal navy
Mary,F,BRADLY,John,FERGUSON,tailor,secretary,1742-03-13,Elizabeth,BRADLY,shoemaker
James,M,HANSON,George,WEDGBURY,grocer,artificial limb maker,1744-09-25,Eliza,HANSON,dressmaker
Mary,F,SIMON,George,BROWN,soldier,thatcher,1738-01-07,Jessie,SIMON,gardener
John,M,WILL,George,BROWN,packer (in textile factory ),waitress,1745-07-03,Jessie,WILL,turner
Catherine,F,STONE,Thomas,MORGANS,cloth finisher,delver,1738-12-16,Elizabeth,STONE,labourer
Christina,F,GRAY,William,SHANKS,colliery checkweighman,servant,1739-12-28,Jane,GRAY,railwayman - stationmaster
Janet,F,RICHARDS,James,LITTLE,ag lab,baker,1744-07-29,Charlotte,RICHARDS,paper mill worker
Elizabeth,F,ROGERS,James,ELDRED,servant,"manager, tile factory",1738-11-09,Mary,ROGERS,carpenter
Mary,F,FLETCHER,Andrew,COOK,bleacher,shop assistant in greengrocer's,1740-02-13,Ann,FLETCHER,plasterer
William,M,PARKER,John,WILLIAM,plumber,inspector of munitions,1742-12-10,Isabella,PARKER,ropemaker
James,M,PARR,Donald,ATKINSON,tailor,farmer,1739-07-28,Agnes,PARR,cotton spinner
John,M,MILLER,George,YOUATT,labourer,lab,1741-06-10,Susan,MILLER,coachmaker
John,M,BEESE,Douglas,WALKER,pioneer,cordwainer,1748-11-18,Mary,BEESE,grocers shop assistant
Duncan,M,CHALLACOMBE,Charles,ROUND,labourer,teacher,1739-06-12,Margaret,CHALLACOMBE,farmer
Mary,F,GEORGE,Charles,CLOUGH,tenant farmer,shirt factory worker,1741-01-29,Eliza,GEORGE,labourer
Agnes,F,PHILLIPS,John,SHINN,textile worker,mariner,1744-09-08,Ellen,PHILLIPS,stoker
William,M,HOLDEN,Edward,JONES,sawyer,spirit dealer,1741-09-26,Maggie,HOLDEN,housekeeper
Donald,M,TUMIGAN,James,CHESHIRE,land agent,lab,1741-03-15,Alice,TUMIGAN,baker
Elizabeth,F,MORLEY,James,MCMURTRIE,cook and housekeeper,tax collector,1737-01-01,Barbara,MORLEY,labourer
Elizabeth,F,MARSHALL,Campbell,BROWN,domestic servant,rector,1745-11-22,Ellen,MARSHALL,tailor
John,M,ROBINSON,Andrew,GATLIFF,coalminer,farmer,1738-11-22,Susan,ROBINSON,farmer
Ellen,F,GRANT,John,PENNY,fisherman,glassmaker,1739-10-26,Betsy,GRANT,jeweller
Alex,M,DICKENSON,James,RISPIN,yeoman  farmer,"box tenter, woollen mill",1748-07-03,Martha,DICKENSON,yeoman
Stephen,M,OXLEE,Robert,DYSON,farmer and land owner,lab,1745-06-23,Rebecca,OXLEE,post office sorter
Janet,F,BARKER,Samuel,STEWART,grocer,warehouseman,1738-12-13,Christina,BARKER,shepherd
James,M,NICHOLAS,John,LEVINAY,cabinet maker,teacher,1738-10-25,Elizabeth,NICHOLAS,stonemason
William,M,MILNE,John,STACEY,ag lab,boot and shoe maker,1744-06-10,Jane,MILNE,engine fitter
Elizabeth,F,CRIMER,Robt,COOPER,carpet weaver,labourer,1747-01-16,Jane,CRIMER,tailoress
Martha,F,JONES,John,MACHRAY,labourer,printer,1737-05-25,Jane,JONES,free church minister
James,M,SCOTT,Alex,RAYNER,lab,lab,1741-12-27,Isabella,SCOTT,housekeeper
Jas,M,HOWATHS,Ed,SATCHWELL,cook,drapery salesman,1743-05-26,Maggie,HOWATHS,groom
Eliza,M,HAWKES,William,BELL,surgeon - royal army medical corp,toll bar keeper,1744-01-31,Margaret,HAWKES,mill worker
Janet,F,HARTLEY,William,YARLEY,labourer,labourer,1745-07-03,Jane,HARTLEY,farmer
Agnes,F,CLEMO,Charles,BROWN,ag lab,grocer,1741-02-14,Sarah,CLEMO,soldier
Isabella,F,WILLSON,James,BENNIE,turner,miller,1739-10-10,Cathrine,WILLSON,labourer
Jane,F,BROWN,James,TILLE,bricklayer,labourer,1739-12-19,Matilda,BROWN,cooper
Thomas,M,RAMSDEN,Will,WEBESTER,railway guard,master butcher,1739-06-01,Elen,RAMSDEN,engineer
Ann,F,BOWMAN,Hugh,TREDWIN,draper,clerk,1737-09-30,Jane,BOWMAN,wagoner
William,M,MARCH,George,CARPENTER,cork hawker,farmer,1745-07-11,Hannah,MARCH,miller
Isabell,F,HALL,Daniel,WOOD,forgeman,army officer,1746-05-12,Jane,HALL,boatman
Eliza,F,STIVEY,Edmund,LAWSON,butcher,gas works labourer,1741-07-16,Jane,STIVEY,gardener
Robert,M,ELLIS,Willm,WHITEHOUSE,butcher,carter,1739-09-01,Edith,ELLIS,brushmaker
Agnes,F,OFFLER,Charles,WELLS,labourer,miner,1745-07-03,Mary,OFFLER,fisherman
James,M,SKEAD,Alexander,PEPPERELL,tailor,broker,1738-08-27,Helen,SKEAD,tallow chandler
Robert,M,ORMISTON,Jas,EATCOAL,seaman,lorry driver,1742-06-29,Jane,ORMISTON,forrest steward
Jas,M,KING,John,FRANKHAM,clothiers asst,blacksmith,1745-01-17,Mary,KING,gent
Duncan,M,CHRISTOPHERS,John,PILGRIM,sailor,lab,1739-04-28,Betsy,CHRISTOPHERS,mariner
Adam,M,WOODHOUSE,James,MORRISON,woollen draper,smith,1739-04-17,Margaret,WOODHOUSE,chairmaker
Robert,M,LAW,Andrew,WHEELER,machinist in saw mill,farmer,1742-03-13,Mary,LAW,cook
Thomas,M,WILLCOX,William,MASTERS,farmer,papermill worker,1741-08-24,Semena,WILLCOX,cab man
Elizabeth,F,STOUT,Robert,JONES,labourer,gardener,1741-04-25,Ellen,STOUT,iron forgeman
John,M,WEST,John,MARCH,brickmaker,farmer,1739-03-17,Mary,WEST,colliery underlooker
Francis,M,TAYLOR,Matthew,DEWEY,frame work knitter,coal merchant,1748-03-08,Lizzie,TAYLOR,oven builder
Robert,M,STEPHENS,Wm,KNOW,riding master,secretary,1740-11-13,Janet,STEPHENS,cycle (shop) manager
Jane,F,HARRISON,Delilah,GLEAVE,coal miner,farm bailiff,1739-08-05,Catharine,HARRISON,domestic servant
Margaret,F,MORAN,Thomas,MCINNES,ships carpenter,husbandman,1743-07-11,Isabella,MORAN,ag lab
Mary,F,HALL,John,ALLCOCK,greengrocer,analytical chemist,1743-05-17,Jane,HALL,embosser
Maggie,F,ROBERTS,Samuel,FORRESTER,domestic cleaner,jeweller,1740-10-06,Christiana,ROBERTS,carrier
John,M,CHILD,Donald,PURDY,parish clerk,milliner,1761-09-27,Mary,CHILD,motor mechanic
Elizabeth,F,BOYCE,James,MOUNTFORD,policeman,master mariner,1742-12-22,Margret,BOYCE,civil servant - ministry of employment
Margaret,F,JENKINS,David,WINDLE,labourer,market gardener,1744-06-09,Catherine,JENKINS,servant
Janet,F,JENNINGS,James,BOND,engineer,ships officer,1741-06-08,Catherine,JENNINGS,basket maker
Agness,F,MCALLISTER,Adam,ATKIN,stonemason,cook and housekeeper,1749-07-02,Mary,MCALLISTER,servant
Jane,F,SUMMERS,Dugald,DUFF,labourer,lab,1740-10-20,Mary,SUMMERS,labourer
Jessie,F,EKINS,Robert,WALKER,mason,farmer,1741-04-16,Hannah,EKINS,market gardener
Ellen,F,EDWARD,Samuel,DAWSON,farmer,"builder, master (dockyards)",1738-07-28,Helen,EDWARD,joiner
George,M,VINCETT,Peter,WRIGHT,r.n.,carpenter,1750-10-30,Janet,VINCETT,carpenter
Eliza,F,HAWORTH,Morris,PHEAR,office worker,farmer,1744-05-30,Elsie,HAWORTH,bootmaker
Henry,M,OVENDEN,David,CRICK,grazier,butcher,1747-07-19,Jane,OVENDEN,labourer
John,M,TRUEMAN,Henry,NEWTON,ag lab,copper kettle maker,1743-08-27,Mary,TRUEMAN,engineer
Josiah,M,TAYLOR,John,MASLIN,mason,clerk,1744-04-04,Sarah,TAYLOR,locksmith
Mark,M,JOHNSTON,Alexander,WOOD,civil engineer,mariner,1738-10-31,Mary,JOHNSTON,farm servant
Fortuna,F,WEDLOCK,John,DUDLEY,clay tobacco pipe maker,labourer,1746-02-09,Agnes,WEDLOCK,man servant
Sarah,F,DAUKES,James,REDFORDS,carter,gardener,1741-04-05,Anne,DAUKES,fisherman
Mary,F,SUNDERLAND,Alexander,FRESHWATER,farm lab,brass moulder,1743-01-21,Margaret,SUNDERLAND,grazier
Jessie,F,BRADFORD,John,REEVE,sub post master,dock foreman,1740-07-21,Ann,BRADFORD,joiner
Euphemia,F,HADLEY,Hugh,OLDEN,joiner,linen drapers assistant,1745-12-27,Margaret,HADLEY,labourer
Mary,F,SAUNDERS,George,SHERATON,shoemaker,butcher,1746-04-22,Ann,SAUNDERS,dressmaker
Elizabeth,F,WALLER,Robert,WHITTAKER,hawker,miner,1745-10-01,Mary,WALLER,engineman
May,F,PINNELL,George,HIGHAM,labourer,builder,1743-04-25,Helen,PINNELL,farm lab
Pat,M,BOYLE,Hector,WATON,iron works manager,labourer,1744-04-21,Agnes,BOYLE,builder
Yergen,M,SAUNDERSON,William,WETHERELL,mariner,farm labourer,1739-10-08,Mary,SAUNDERSON,weaver
Janet,F,RIEVERTS,Harvey,COOKMAN,servant,farmer,1747-06-03,Annie,RIEVERTS,french polisher
John,M,QUARLE,James,BARRETT,farm labourer,laundress,1746-09-08,Mary,QUARLE,"coal miner, supervisor"
George,M,HAWES,Jas,SUTHERLAND,cork hawker,blacksmith,1747-02-06,Jessie,HAWES,diamond setter
Ann,F,BIRD,William,BATH,ag lab,poultry man,1741-04-24,Julia,BIRD,foreman of wholesale stationer
Ellen,F,WHATTON,John,STEPHENSON,carpenter,mariner,1742-11-09,Elisabeth,WHATTON,marine store dealer
Helen,F,CLARK,Patrick,SLITH,farmer,"clerk, railway works",1739-10-24,Elizabeth,CLARK,servant
Janet,F,ADAMSON,Andrew,GIBSON,weaver,fitter and turner,1740-10-03,Isabella,ADAMSON,timber salesman
Ann,F,ADAMSON,Andrew,GIBSON,weaver,fitter and turner,1740-10-03,Isabella,ADAMSON,cotton spinner
John,M,MARTLAND,Willia,WAINWRIGHT,market gardener,silk weaver,1754-06-12,May,MARTLAND,gardener
Mary,F,BURNLEY,Robert,OLDERSHAW,secretary,tenant farmer,1740-09-30,Mary,BURNLEY,labourer
James,M,HILL,James,STOTT,g.p.o. telephonist,chemist,1741-08-12,Helen,HILL,mariner
Robert,M,MORRIS,John,MILLER,farmer,school attendance officer,1741-04-19,Margaret,MORRIS,shoemaker
Margaret,F,SPIRES,John,GRINDROD,tailor,labourer,1741-11-16,Joann,SPIRES,ag lab
James,M,VEITCH,Robert,YARD,glazier,grocer,1744-08-02,Elizabeth,VEITCH,mill owner (corn)
Isabella,F,EVANS,Peter,LEATT,road labourer,engine fitter,1742-01-13,Angelina,EVANS,publican
Margaret,F,ASHFORD,Allan,PIERCE,refreshment contractor,labourer,1739-09-19,Maggie,ASHFORD,horse dealer
Donald,M,MCDERMID,James,SMITH,dentists assistant,husbandman,1742-05-09,Janet,MCDERMID,saddler and harness maker
Isabell,F,ROWE,Charles,ANNISON,gardener,farmer,1741-11-05,Jane,ROWE,family cook
Margaret,F,RAVEN,Charles,MOLYNEUX,glass blower,shoemaker,1746-02-07,Annie,RAVEN,shoemaker
James,M,DAVIDSON,John,TODD,farmer,butcher,1742-07-02,Adaline,DAVIDSON,tallow chandler
Grace,F,COLES,Robert,EVANS,watchmaker,gentleman,1743-07-20,Margaret,COLES,tailor
James,M,MILWERT,James,WATT,labourer,hatter,1740-06-07,Jane,MILWERT,farmer
Bridget,F,WILSON,Alexander,STEWART,silk winder,pharmaceutical chemist,1740-03-26,Cecilia,WILSON,brewer
Caroline,F,LIFTON,James,HOLLIWELL,gilder,carpenter,1740-01-25,Margaret,LIFTON,wood turner
Ann,F,TAYLOR,William,EVANS,officer of customs & excise (docks),mechanical engineering worker (skilled),1740-10-09,Isabella,TAYLOR,mariner
Ann,F,LANGLEY,James,CRACKRICH,stonecutter,customs officer,1741-11-30,Jemima,LANGLEY,university professor
Ann,F,SPENCE,David,MANNING,provision dealer,bootmaker,1743-04-28,Margaret,SPENCE,brick yard owner
Terrence,M,DAVIES,William,PAWSEY,shop owner,iron merchant,1749-01-01,Mary,DAVIES,delver
John,M,RICHARDSON,Alexander,CULL,servant,mechanic,1741-05-30,Margaret,RICHARDSON,labourer
James,M,STRUIGER,Hugh,CROSSIAN,miner,typist,1745-01-01,Margaret,STRUIGER,domestic servant
Glenny,F,HONEYWELL,William,STREMBELS,miller (postmill),engineer,1741-11-12,Jessie,HONEYWELL,accounts clerk
Beatrice,F,HENDERSON,James,ROBERTSON,mariner,farmer,1746-12-02,Margaret,HENDERSON,raiser
Alexander,M,HOWES,Gavin,HOLROYD,labourer,labourer,1743-06-14,Jane,HOWES,butcher
Henry,M,QUICK,William,ORTON,teacher,farmer,1740-06-19,Helen,QUICK,miner
Hellen,F,HOLLIDAY,Willia,JENKINS,weaver,gasfitters storekeeper,1742-05-18,Elizabeth,HOLLIDAY,commercial traveller
John,M,BOULTON,William,HENSHALL,miller,toy maker,1746-07-18,Ann,BOULTON,baker
Hellen,F,MACKAY,Willia,HOOPER,victualler,currier,1742-07-21,Lilian,MACKAY,dressmaker
Robert,M,CARTWRIGHT,William,RAE,carpet weaver,cheesemonger,1742-01-04,Elizabeth,CARTWRIGHT,wages Clerk
Annie,F,LARCOMBE,Alex,ROSS,master merchant mariner,farm bailiff,1743-03-13,Margaret,LARCOMBE,cheesemonger
Jane,F,MORTIMER,John,LYNALL,telephone engineer - g.p.o.,dressmaker,1742-04-10,Elizth,MORTIMER,blacksmith
William,M,HOOKHAM,James,DEARDEN,fisherman,chemist,1739-12-27,Georgina,HOOKHAM,spinner
Mary,F,BRUNALL,Robert,ADAMSON,compositor,ag lab,1747-07-29,Joan,BRUNALL,collier
Phillip,M,GOUNDRY,Willia,RUSBY,fireman,needlemaker,1740-09-11,Margaret,GOUNDRY,labourer
George,M,BURNETT,John,JACKSON,collier,"fireman,",1743-09-22,Amelia,BURNETT,woodman
Elizabeth,F,MACKIE,Josias,OTLEY,lab,joiner,1743-12-20,Helen,MACKIE,baker
Jane,F,MORLEY,James,MCMURTRIE,cook and housekeeper,tax collector,1741-11-02,Barbara,MORLEY,servant
John,M,LORD,George,BAKER,photographer,manufacturer,1742-11-26,Susan,LORD,wetter (printing)
Alexander,M,BURT,John,HUNTER,currier,file cutter,1744-09-24,Georgina,BURT,boatman
Jane,F,CHADWICH,Charles,JONES,engineer,cabinet maker,1740-05-28,Maggie,CHADWICH,tweed and flannel manufacturer
Ann,F,CROSSGROVE,Robert,WATSON,general store keeper,farm lab,1740-11-08,Margaret,CROSSGROVE,coachman
Rachel,F,KEALY,William,GRAY,fisherman,baker,1739-09-27,Florina,KEALY,paper bag maker
Agnes,F,GROVES,Daniel,BURLEIGH,parquet layer,cab proprietor,1751-02-02,Bessie,GROVES,waiter
Agnes,F,SERGEANT,Charles,LLOYD,ag lab,carpenter,1739-01-01,Jeanie,SERGEANT,fancy box maker
Robert,M,HOLLAND,Robt,ATKINS,resident maid,ironmonger,1743-02-02,Margaret,HOLLAND,wooden box maker
Charles,M,ORAN,George,WHIPP,engineer rn,"principle, polytechnic",1746-06-08,Mary,ORAN,miner
Agnes,F,OATES,James,WILLIAMS,farmer,shop assistant,1744-02-03,Margaret,OATES,moulder
Isabella,F,HARRIS,John,MITCHELL,file cutter,labourer,1743-11-14,Margret,HARRIS,coal mine hewer
Elizabeth,F,ANDREWS,David,FORMAN,railway inspector,pattern maker,1740-02-05,Agnes,ANDREWS,coal miner
John,M,HOLLINGDALE,George,PEARTON,farmer,coal merchant,1743-05-17,Mary,HOLLINGDALE,farmers daughter
Janet,F,WARWICK,William,BRYCE,lab,painter,1751-02-22,Jane,WARWICK,farmer
Nellie,F,OATES,William,LEYARD ,dressmaker,silk weaver,1741-07-28,Christina,OATES,hind
Alexander,M,FOX,James,HUNTER,servant,stone mason,1750-05-22,Mary,FOX,domestic servant
Margaret,F,GARDNER,William,HANOLD,house carpenter,house agent,1742-08-01,Elizabeth,GARDNER,clerk
Agnes,F,JONES,John,MACHRAY,labourer,printer,1741-08-31,Jane,JONES,coal miner
Isabella,F,KENNETT,Robert,SHAW,foreman fire service,lab,1742-10-03,Janet,KENNETT,cloth dresser
John,M,THOMPSON,Jas,HISCOCKS,butcher,shear striker,1741-08-28,Elizabeth,THOMPSON,lab
Agnes,F,BRIDDON,William,BARKER,tailor,civil engineer,1741-12-29,Elizabeth,BRIDDON,book keeper
James,M,BROAD,Charles,WAKS,miner,gardener (private),1741-04-08,Mary,BROAD,district nurse
Alfred,M,WATSON,John,LANCELY,school mistress,corn dealer,1748-01-10,Celia,WATSON,joiner
Hugh,M,HUSGROVE,James,LEE,general labourer,general surgeon,1742-06-01,Agness,HUSGROVE,engine fitter
Ann,F,HAMPTON,Alexander,DAVIES,labourer,manager of newsagent/tobacconist,1745-01-20,Rebecca,HAMPTON,sailor
Louisa,F,SHARPE,James,HANEND,baker,co-op manager,1744-03-25,Margt,SHARPE,lab
Catherine,F,BAMSEY,John,LARKIN,labourer,carpenter,1741-08-07,Catherine,BAMSEY,ledger clerk (raf)
John,M,LLOYD,David,HARLE,designer,fisherman,1740-11-17,Susina,LLOYD,french polisher
Jane,F,MAHER,William,BAXENDALL,ironmonger,machine maker,1746-04-09,Marion,MAHER,lab
Jane,F,MAHER,William,BAXENDALL,ironmonger,machine maker,1746-04-09,Marion,MAHER,farmer
Will,M,PHILIPS,Andrew,HAWGOOD,farmer,smith,1742-04-10,Mary,PHILIPS,warehouseman railway
Jane,F,BENN,Charles,HOWARTH,domestic servant,farm labourer,1743-09-30,Jane,BENN,coal miner
James,M,HONES,Alexander,CONNELL,butcher,shop assistant,1741-04-06,Therese,HONES,weaver
Thomas,M,BIRKETT,Donald,ROLFE,blacksmith,miller,1742-03-28,Mary,BIRKETT,house carpenter
Mary,F,GRANT,James,MORSE,mariner,labourer,1741-01-18,Margaret,GRANT,master mariner
Sarah,F,TAYLOR,William,INNESS,bricklayer,labourer,1750-05-20,Annie,TAYLOR,carpenter
Jane,F,TIMOTHY,William,SUMNER,confectioner,grocer,1747-04-17,Joann,TIMOTHY,tailoress
Helen,F,SHEARER,William,TRESIDDER,dressmaker,machine operator,1741-10-07,Margaret,SHEARER,furnaceman
Margaret,F,CHAMBERS,George,BURTON,whitesmith,actor,1745-03-30,Annie,CHAMBERS,carpenter
William,M,STEWART,John,MARIS,mariner,smith/forgeman,1751-12-07,Janet,STEWART,frame work knitter
Chas,M,PENSON,Hugh,CARTRIGHT,railway porter,navy,1750-10-24,Sarah,PENSON,grocer
William,M,RICHARDSON,John,NOBLE,private soldier,bootmaker,1741-02-20,Catherine,RICHARDSON,master blacksmith
Alex,M,HARPER,John,SAGE,farm lab,farmer,1743-06-06,Mary,HARPER,factory worker - foreman
Catherine,F,WALTON,Thos,TREDWELL,brassfounder,farm labourer,1739-08-28,Elizabeth,WALTON,farmer
Jane,F,WALTON,Thos,TREDWELL,brassfounder,farm labourer,1739-08-28,Elizabeth,WALTON,building surveyor
Donald,M,SNOOK,Alexr,THOMAS,mercantile clerk,bootcloser,1741-05-13,Margaret,SNOOK,cashier at colliery
Thomas,M,BOWMAN,Hugh,TREDWIN,draper,clerk,1741-09-02,Jane,BOWMAN,miner
Mary,F,THOMAS,Matthew,GILL,farmer,domestic servant,1745-01-27,Margaret,THOMAS,warehouseman
Maggie,F,PEARCE,Anthony,CURD,paper merchant,silk dyer,1738-09-04,Isabella,PEARCE,"royal navy, engineer"
John,M,HARRIS,John,MUDD,accountant,printer,1742-11-15,Elisabeth,HARRIS,grocer
Margaret,F,DUNN,William,BROWN,miller,engineer,1744-08-06,Betsy,DUNN,farmer
Patrick,M,CORBY,Daniel,ASPREAL,labourer,joiner,1747-11-24,Janet,CORBY,coal miner (underground)
Marion,F,SWANSON,John,JONES,sawyer,gamekeeper,1743-01-06,Elisabeth,SWANSON,decorator
Geo,M,WOOTTON,George,COLLISON,secretary,coachman,1746-01-05,Elizabeth,WOOTTON,driller
Jane,F,DURROCK,John,WHITTINGTON,labourer,husbandman,1744-01-30,Isabella,DURROCK,bootmaker
Duncan,M,HOOP,Andrew,MILLER,tailoress,publican,1743-09-27,Catherine,HOOP,ag lab
Sarah,F,READ,George,AYERS,washerwoman,musician,1740-12-07,Janet,READ,domestic servant
Margaret,F,LOCH,Alfred,MCMILLAN,steam roller driver,miller,1743-05-12,Annie,LOCH,brass tube manufacturer
Winfree,F,KING,William,BARKER,leather dresser,farmer,1742-05-30,Isabella,KING,licensed victualler
Betsy,F,LENNON,James,GREENHALGH,blacksmith,fisherman,1741-07-15,Isabella,LENNON,navy
Sarah,F,WOOLCOCK,Murdo,KEIR,dressmaker,fisherman,1747-07-19,Jane,WOOLCOCK,hosier
Janet,F,OWEN,Donald,HUSTHWAITE,brickmaker,glovecutter,1745-07-29,Margaret,OWEN,servant
Neil,M,BODGE,Thomas,JOHNSTON,weaver,farmer,1746-05-20,Mary,BODGE,miller
Elizabeth,F,WALLER,John,KERR,farmer,gardener,1745-04-30,Mary,WALLER,farmer
John,M,STEDMAN,David,HART,coal miner,cutter,1745-03-26,Helen,STEDMAN,horse dealer
Willia,M,ROBERTS,James,SKEELS,porter master,bookseller,1742-02-09,Mary,ROBERTS,domestic servant
Jane,F,FOURACRE,John,MALPAS,shopkeeper,weaver,1741-04-09,Margaret,FOURACRE,clerk colliery
James,M,CAMERON,Charles,TAYLOR,coachman,tailor,1749-05-31,Sarah,CAMERON,stone mason
John,M,WARREN,John,MCPHERSON,bailiff,lab,1744-11-11,Margaret,WARREN,ag lab
Thomas,M,HAYWOOD,John,ROUSE,labourer,draper,1742-09-11,Janet,HAYWOOD,ag lab
Maria,F,FAULCONER,Hugh,WOOD,blacksmith,rsm soldier,1743-02-15,Agnes,FAULCONER,ag lab
Mary,F,HAIGH,John,LANGELAAN,shoemaker,cabinet maker,1744-04-15,Mary,HAIGH,fitter
Willia,M,FOOZS,George,REID,railway fireman,brick manufacturer and contractor,1756-01-11,Jane,FOOZS,solicitors clerk
James,M,HIGGINS,James,ILSCOMBE,vicar,station master,1743-08-29,Annie,HIGGINS,draper
Robert,M,WYBROW,Alexander,EVANS,seamer,plasterer,1744-02-08,Marion,WYBROW,shop assistant
Flora,F,EDWARDS,Roderick,LAWLOR,surveyor,domestic servant,1752-06-03,Margaret,EDWARDS,copper miner
John,M,DYER,David,ANDERSON,painter,vinegar merchant,1744-06-09,Alice,DYER,menswear retailer
John,M,CALVERT,Alexr,HENDELL,shoemaker,waterman,1742-02-04,Janet,CALVERT,farmer
Peter,M,BEEWELL,Wm,GULLFORD,brass founder,market gardener,1742-11-07,Margaret,BEEWELL,nutritionist
James,M,SOUTHWORTH,John,PAYNE,mill manager,farm servant,1741-04-20,Jane,SOUTHWORTH,colour sgt r.m.
Charles,M,POWELL,William,OWEN,farmer,lab,1742-11-08,Agnes,POWELL,labourer
Duncan,M,BOND,Alexander,HOLDSWORTH,clerk of cheque of ordnance,basket maker,1744-06-05,Margaret,BOND,mariner
James,M,WALMSLEY,John,LOOD,research chemist,mason,1744-07-01,Margt,WALMSLEY,labourer
John,M,BUCK,Archibald,LEWIS,munitions factory worker,power station fitter/engineer,1747-01-28,Jane,BUCK,chemical works labourer
Leslie,M,MILLS,James,KNOTT,postmistress,surgical instrument maker cutler,1758-11-10,Catherine,MILLS,grocer
Thomas,M,TIPLING,John,WOODFORD,drapers asst,ag lab,1743-09-03,Esther,TIPLING,ag lab
Jessie,F,LAMB,Thomas,GULLY,wool mill worker,servant,1742-08-27,Margaret,LAMB,servant
Annie,F,ARCHARDS,Thomas,TOMKINSON,smith's labourer,registered nurse,1745-12-20,Margt,ARCHARDS,iron turner
Isabella,F,JANE,Thomas,PEPPER,gas fitter,farmer,1742-10-06,Janet,JANE,painter and decorator
Agnes,F,ASTILE,Daniel,WEST,labourer,carpenter,1747-05-05,Agnes,ASTILE,printer
Maggie,F,CHAPLIN,William,BROWNLIE,weaver,policeman,1748-04-08,Ann,CHAPLIN,miner
Mary,F,TUSTIN,Robert,DUPLOCK,ag lab,farrier,1745-06-19,Martha,TUSTIN,farmer
Thomas,M,EDWARD,Samuel,DAWSON,farmer,"builder, master (dockyards)",1742-02-11,Helen,EDWARD,bricklayer
Ann,F,HARDING,Charles,BROWN,farm labourer,butcher,1751-06-17,Barbara,HARDING,coffee house proprietor
Andrew,M,ROBSON,Andrew,SCRAGG,fisherman,domestic servant,1752-04-03,Grace,ROBSON,farmer
John,M,DAVIES,Walter,BEARD,shoemaker,loco engine driver,1755-01-20,Janet,DAVIES,master mariner
John,M,JONES,Robert,KIDD,butcher,farmer,1755-04-02,Elizabeth,JONES,shoemaker
Mary,F,FULKER,James,BARBER,farmer,coachman,1744-08-01,Mary,FULKER,weaver
James,M,WATSON,Alexander,HAYES,farmer,grocer's assist.,1741-12-31,Janet,WATSON,farmer
William,M,DAVIS,Charles,BARTLE,royal navy able seaman,farmer,1749-09-21,Elizabeth,DAVIS,tenant farmer
John,M,CRAGGS,William,LOVELL,coal miner,ag lab,1744-01-13,Catharine,CRAGGS,servant
Martha,F,PEARCE,Anthony,CURD,paper merchant,silk dyer,1742-01-20,Isabella,PEARCE,solicitor
Alexr,M,NOLAN,Patrick,BELLINGHAM,carpenter,boot and shoe closer,1748-12-31,Elizabeth,NOLAN,labourer
John,M,NOLAN,Patrick,BELLINGHAM,carpenter,boot and shoe closer,1748-12-31,Elizabeth,NOLAN,lab
Margaret,F,NOLAN,Patrick,BELLINGHAM,carpenter,boot and shoe closer,1748-12-31,Elizabeth,NOLAN,domestic service
Helen,F,THOMAS,Samuel,STEWART,landowner,labourer,1749-10-22,Catherine,THOMAS,farmer
Margaret,F,ANDERSON,Patrick,MOON,farmer,police constable,1741-10-25,Ann,ANDERSON,milliner
Rebecca,F,MASON,William,GILL,bus driver,carpenter,1748-04-29,Margaret,MASON,captain of militia
Agnes,F,SIDNEY,John,ADSHEAD,"sub contractor, canal construction",jute spinner,1746-07-26,Margrate,SIDNEY,engine cleaner (railway)
Alex,M,STEWART,David,DAVIES,coal miner,farmer,1742-07-09,Jessie,STEWART,sailor
George,M,NICHOLAS,John,LEVINAY,cabinet maker,teacher,1741-11-21,Elizabeth,NICHOLAS,farmer
Maggie,F,PETERS,Caldwell,NORTH,farmer,boiler maker,1748-09-11,Maggie,PETERS,delver
James,M,JENNINGS,Duncan,GREASELEY,coastguard,mariner,1745-03-08,Janet,JENNINGS,spring knife cutler
John,M,JOHNSTON,Alexander,WOOD,civil engineer,mariner,1742-09-02,Mary,JOHNSTON,ships carpenter
William,M,ROGERS,James,ELDRED,servant,"manager, tile factory",1743-04-08,Mary,ROGERS,police constable
Joseph,M,KEARSLEY,Archibald,DOW,grocer,labourer,1747-08-01,Ann,KEARSLEY,seaman
Mary,F,RALPH,David,ALLISON,postboy,tailor,1745-07-22,Elizabeth,RALPH,labourer
Robert,M,ROBINSON,Andrew,GATLIFF,coalminer,farmer,1742-06-30,Susan,ROBINSON,farmer
Emma,F,JONES,Thos,TAYLOR,basket worker,cordwainer,1743-01-21,Marge,JONES,plumber
Wm,M,MCDONALD,Alexander,RICHARDSON,warehouseman (grocers),riding master,1750-07-12,Jabella,MCDONALD,lab
William,M,MAKEPIECE,George,HUMBLE,dressmaker,bricklayer,1750-02-10,Eliza,MAKEPIECE,builder
Alexander,M,STONE,Thomas,MORGANS,cloth finisher,delver,1741-10-24,Elizabeth,STONE,coach painter
Jane,F,BAKER,William,HALL,cordwainer,ag lab,1748-06-03,Elizebath,BAKER,baker
Elizabeth,F,SERGEANT,Charles,LLOYD,ag lab,carpenter,1741-11-14,Jeanie,SERGEANT,thatcher
Margt,F,SERGEANT,Charles,LLOYD,ag lab,carpenter,1741-11-14,Jeanie,SERGEANT,labourer
Mary,F,HICKS,George,COCK,gardener,servant,1742-01-16,Lousia,HICKS,butcher
Jas,M,BAKER,Robert,BEECH,army sergeant,farm bailiff,1746-03-05,Jessie,BAKER,baker
James,M,WILSON,John,SPRATT,coal miner,shop assistant,1747-07-13,Mary,WILSON,ag lab
Mary,F,GEAKE,Patrick,ROBSON,ag lab,cattle dealer,1742-09-10,Janet,GEAKE,surgeon
Robert,M,GRINDROD,John,BINKS,carrier,labourer,1765-10-28,Isabela,GRINDROD,chiropractor / osteopath
Mary,F,WHATTON,Jas,HARRIS,council gardener,farm manager,1746-06-01,Maggie,WHATTON,farm worker
Janet,F,SWIFTWELL,George,CUTHBERTSON,farmer,railwayman,1744-02-10,Catherine,SWIFTWELL,mine worker
William,M,BUCKLEY,Walter,ARMITAGE,painter,gentlemans servant,1749-07-24,Jane,BUCKLEY,delver
James,M,BENHAM,Duncan,ANSCOW,farm lab,bookseller,1746-09-07,Isabella,BENHAM,brassfounder
Flora,F,MORRISON,William,HARRISON,miller,painter,1744-10-06,Jessie,MORRISON,ag lab
Joseph,M,WEST,John,MARCH,brickmaker,farmer,1743-05-01,Mary,WEST,ovenman
Matthew,M,BOLTON,Daniel,GRAHAM,"gardener, domestic",weaver,1744-05-20,Mary,BOLTON,file maker
Hugh,M,BLACKLOCK,Dugald,POTTER,smith,framework knitter,1745-03-20,Ellen,BLACKLOCK,barrister
Barbera,F,WRIGHT,John,BARNES,iron worker,railway labourer,1743-07-17,Georgeianie,WRIGHT,farmer
John,M,COLLINS,William,SMITH,curate,railway platelayer,1741-08-02,Margt,COLLINS,domestic servant
Eliza,F,HILL,James,SPRINGETT,"superintendant, port of london authority",labourer,1744-07-09,Maggie,HILL,head gardener
William,M,HARDY,William,WHEELDON,lab,baker,1745-08-04,Isabella,HARDY,coachman
Margaret,F,HARTLEY,John,GORDON,farmer,footman,1745-08-13,Christina,HARTLEY,shoe finisher
Robert,M,WOODHOUSE,James,MORRISON,woollen draper,smith,1744-10-06,Margaret,WOODHOUSE,bank accountant
Elizabeth,F,HOPGOOD,George,BUCK,timber dealer,medical practitioner,1744-03-28,Catherine,HOPGOOD,boilermaker
Archibald,M,CHRISTOPHERS,John,PILGRIM,sailor,lab,1744-01-26,Betsy,CHRISTOPHERS,ag lab
Helen,F,ROBSON,John,HAYS,chimney sweep,laboratory technician,1746-04-22,Alice,ROBSON,civil servant
Will,M,BRIEN,Andrew,ENTWISLE,gardener,coachman,1744-01-23,Catherine,BRIEN,analytical chemist
Margaret,F,BOLAND,James,LEES,blacksmith,master mariner,1746-08-09,Agnes,BOLAND,teacher
Cecilia,F,BREWSDER,John,HEATHERMAN,plumber,milliner,1743-09-30,Jane,BREWSDER,shorthand typist
William,M,FREEMAN,William,FLETCHER,traindriver,shoemaker,1752-01-25,Barbara,FREEMAN,mariner (ab)
Isabella,F,FREEMAN,William,FLETCHER,traindriver,shoemaker,1752-01-25,Barbara,FREEMAN,farmer
Jessie,F,CHAMBERS,Will,LIDDLE,carpenter,carriage finisher,1744-08-08,Mary,CHAMBERS,mason
Christina,F,RUTHERFORD,Charles,BUSBY,dressmaker,woolsorter,1744-10-19,Margt,RUTHERFORD,book keeper
Margaret,F,WATSON,Alexr,BUNKLE,bricklayer,lab,1743-09-03,Jemima,WATSON,joiner
Robert,M,MCVEY,Thomas,OSBORN,glass cutter,teacher,1743-08-08,Margaret,MCVEY,"clerk in holy orders, vicar"
Hugh,M,RAMSDEN,Will,WEBESTER,railway guard,master butcher,1744-06-16,Elen,RAMSDEN,painter
James,M,CHALLACOMBE,Charles,ROUND,labourer,teacher,1742-01-11,Margaret,CHALLACOMBE,ag lab
Francis,M,LLOYD,David,MORRIS,shop assistant,coal miner,1749-05-26,Ann,LLOYD,bricklayer
Bella,F,BERRY,Alexander,HAHICK,farm labourer,stone mason,1743-10-24,Gorgenia,BERRY,labourer
Andrew,M,JEPSON,Samuel,ADDIS,carter,miner,1742-06-06,Janet,JEPSON,gardener
Mary,F,ROWAN,Christopher,LONG,reeler,clerk,1747-09-12,Maria,ROWAN,skipper
Elizabeth,F,PARR,Donald,ATKINSON,tailor,farmer,1746-02-19,Agnes,PARR,lab
Margaret,F,HARRISON,Delilah,GLEAVE,coal miner,farm bailiff,1741-12-20,Catharine,HARRISON,labourer
Jessie,F,QUINE,John,PRESTAGE,ag lab,monthly nurse,1746-05-15,Jane,QUINE,brakesman
John,M,SMITH,James,KINGSTON,school master,dressmaker,1745-10-26,Annabella,SMITH,distillers foreman
Norman,M,SWARBRICK,John,HURDLE,music teacher,millgirl,1742-01-25,Isabella,SWARBRICK,town servant
Agnes,F,MCNAIR,Joseph,RICHMOND,master bootmaker,cashier,1741-09-23,Isabella,MCNAIR,publican
Jas,M,DISCOMBE,Colin,HILL,water filter manufacturer,truck farmer,1743-04-23,Agnes,DISCOMBE,woollen spinner
Ann,F,MANNING,James,TYNE,quarryman,farmer,1747-07-12,Mary,MANNING,gardener
Mary,F,WALKER,Alexr,WRIGHT,farm labourer,attorneys clerk,1744-05-12,Bella,WALKER,soldier
Robert,M,CROOKS,Thomas,LAXTON,farmer,gardener,1749-12-19,Agnes,CROOKS,butcher
Janet,F,WALTON,Thos,TREDWELL,brassfounder,farm labourer,1742-12-27,Elizabeth,WALTON,saddler and collar maker
Michael,M,ELLIS,Willm,WHITEHOUSE,butcher,carter,1745-05-23,Edith,ELLIS,painter and decorator
Charles,M,JONES,Willia,HOLMES,tailor,gardener,1748-07-23,Annie,JONES,company managing director
Robert,M,ASHFORD,Allan,PIERCE,refreshment contractor,labourer,1743-01-22,Maggie,ASHFORD,farmer
George,M,YATES,William,ENNEFER,chairmaker,carpenter,1746-04-16,Christina,YATES,school teacher
Jessie,F,KEALY,William,GRAY,fisherman,baker,1742-05-25,Florina,KEALY,ag lab
Annie,F,SAUNDERSON,William,WETHERELL,mariner,farm labourer,1744-06-09,Mary,SAUNDERSON,blacksmith
James,M,WILLSON,James,BENNIE,turner,miller,1746-02-12,Cathrine,WILLSON,commercial traveller
Annie,F,HORSNALL,Joseph,BRADDISH,shoe shop manageress,hotel keeper,1752-01-02,Thos,HORSNALL,domestic servant
Hugh,M,GIBB,Francis,SINCLAIR,tailoress,bookbinder,1747-09-07,Margaret,GIBB,tailor
Nairn,M,CLARK,Patrick,SLITH,farmer,"clerk, railway works",1744-02-13,Elizabeth,CLARK,lab
Ann,F,GRANT,John,PENNY,fisherman,glassmaker,1743-10-14,Betsy,GRANT,worsted weaver
Jessie,F,FRASER,Duncan,STANDLEY,bootmaker,worsted power loom weaver,1742-03-21,Isabella,FRASER,motor engine assembler
Margaret,F,MUNDELL,John,REAKES,labourer,farmer,1743-11-13,Margaret,MUNDELL,timekeeper
Jane,F,CLATON,William,BURGESS,carpenter,weaver,1746-01-17,Jane,CLATON,landed gentleman
Ellen,F,HARVEY,George,HUGHS,soldier,gentlemans outfitter,1749-04-03,Margaret,HARVEY,solicitors clerk
Eliza,F,MALLABAR,John,HERBERT,mariner,shoemaker,1752-12-28,Annie,MALLABAR,coal miner
Ann,F,LIBBEY,Wm,PROBERT,woollen fetler,architect,1747-03-03,Jane,LIBBEY,farmer
Christina,F,GREENWOOD,Alexander,CARROLL,sea captain,tea packer,1751-04-30,Emily,GREENWOOD,builder
John,M,SULLIVAN,Alexander,RAY,stone mason,welder,1745-09-04,Jessie,SULLIVAN,moulder (ironworks)
Mary,F,NICHOLSON,James,BRANAGAN,ag lab,manager of furnishing house,1745-10-28,Christina,NICHOLSON,gun screwer
Janet,F,ROBINSON,John,NEWALL,clerk,servant,1753-12-26,Catherine,ROBINSON,miner
Jane,F,ROBINSON,John,NEWALL,clerk,servant,1753-12-26,Catherine,ROBINSON,cooper
Marion,F,ENGLISH,Robert,CHALMERS,tailor,carriage works tinsmith,1744-07-15,Margaret,ENGLISH,pianist & private teacher
David,M,BROWNE,Charles,RILEY,farmer,bookbinder,1744-11-03,Catherine,BROWNE,clerk (timber trade )
James,M,HILL,Andrew,DICKSON,framework knitter,chief boatswain (coastguard),1744-04-06,Marion,HILL,hotel manager
Robert,M,WALLEY,Alexander,SUETT,university lecturer,basket and wicker furniture makers,1752-03-14,Eliza,WALLEY,bonnet blocker
John,M,BROWN,James,TILLE,bricklayer,labourer,1742-12-01,Matilda,BROWN,labourer
John,M,HOOKHAM,James,DEARDEN,fisherman,chemist,1742-02-26,Georgina,HOOKHAM,labourer
Jessie,F,RICH,William,NEWBY,plumber,surgical instrument maker,1746-07-18,Catherine,RICH,water colour colourist
Elizabeth,F,GRAY,William,SHANKS,colliery checkweighman,servant,1746-01-18,Jane,GRAY,dairyman
John,M,CHANNAR,Duncan,SMITH,carpenter,smith,1745-05-03,Helen,CHANNAR,farmer
John,M,WINTERBOTTOM,John,GRIFFIN,chairmaker,coach proprietor,1749-07-12,Jean,WINTERBOTTOM,farm labourer
Charles,M,LIFTON,James,HOLLIWELL,gilder,carpenter,1742-07-06,Margaret,LIFTON,boot & shoe maker
Margaret,F,EDGE,Donald,GODWIN,domestic servant,currier,1753-05-27,Agnes,EDGE,gas maker
Mary,F,ANDREWS,David,FORMAN,railway inspector,pattern maker,1742-05-14,Agnes,ANDREWS,dressmaker
Margaret,F,TOMS,Andrew,CHALKER,hingemaker,farmer,1749-04-30,Catherine,TOMS,engineer
Jessie,F,FERRENY,John,LAMONT,paper mill labourer,carman,1745-06-23,Christina,FERRENY,domestic servant
George,M,SCHOFIELD,John,PRITCHARD,"bank clerk/cashier, comptometer operator",mines foreman,1749-03-09,Ann,SCHOFIELD,railway station clerk
Angus,M,FLETCHER,Andrew,COOK,bleacher,shop assistant in greengrocer's,1742-09-24,Ann,FLETCHER,shipwright foreman
James,M,WILSON,Alexander,STEWART,silk winder,pharmaceutical chemist,1744-03-17,Cecilia,WILSON,farmer
James,M,NELSON,Hugh,GREENAWAY,confection cook,nurseryman,1746-04-20,Christina,NELSON,secretary to the rajah
Mary,F,MCGREGOR,John,WATERS,labourer,clog maker,1744-12-30,Sarah,MCGREGOR,cigar maker
Elizabeth,F,SMITH,Hugh,GROAT,rural postman,clerk,1748-05-28,Mary,SMITH,straw bonnet maker
Mary,F,HERNE,John,JONES,farmer,tanner,1744-08-07,Elizabeth,HERNE,teacher
Helen,F,BEWSHER,Robert,BARRY,lab,gardener,1746-03-03,Mary,BEWSHER,butcher
Elizabeth,F,BROWN,Murdo,YORKE,trinity house pilot,musician,1746-01-31,Isabella,BROWN,puddler
Janet,F,DAWSON,Lewis,FIALON,bricklayer,mineral paint manufacturer,1746-07-26,Marion,DAWSON,harness maker
Andrew,M,COULSON,David,KNOWLES,labourer,farmer,1754-12-15,Jane,COULSON,barrister
John,M,STEWART,Thomas,BLACKBURN,ag lab,shepherd,1750-02-24,Janet,STEWART,servant
John,M,MINTO,John,HOBERTON,ag lab,straw plaiter,1750-12-13,Elizabeth,MINTO,news agent
John,M,MILWERT,James,WATT,labourer,hatter,1744-05-18,Jane,MILWERT,garage proprietor
John,M,WOOLLARD,Henry,BATEMAN,shoemaker,blacksmith,1753-02-26,Catherine,WOOLLARD,stocktaker (brewers)
James,M,WILLIAMS,David,EDGE,cab proprietor,dressmaker,1749-10-27,Isabella,WILLIAMS,ag lab
Grace,F,QUICK,William,ORTON,teacher,farmer,1743-02-18,Helen,QUICK,weaver
Elizabeth,F,KAYE,Robert,CALLIMORE,labourer,boot maker,1748-05-15,Isabella,KAYE,framework knitter
Ann,F,BRADFORD,John,REEVE,sub post master,dock foreman,1745-09-13,Ann,BRADFORD,straw plaiter
Jno,M,GRETTON,Andrew,FERDINAND,shepherd,blacksmith,1747-03-24,Helen,GRETTON,blacksmith
James,M,COURTENAY,William,HOLLOWAY,drayman,farmer,1745-02-28,Ellen,COURTENAY,electrician
Jacob,M,PERKINS,Peter,EGAN,cooper,farmer,1748-02-20,Catherine,PERKINS,farm labourer
William,M,BURTON,John,TROTT,farmer,schoolmaster,1746-12-06,Margaret,BURTON,carman (contractors)
Donald,M,LADD,John,FRESHWATER,ships carpenter,farm worker,1745-05-18,Bethia,LADD,carpenter
Margaret,F,BROWN,Willia,BARBOUR,bookbinder,painter & decorator,1759-04-10,Jane,BROWN,labourer
Fanny,F,CALLOWAY,Walter,LEWIS,outfitter,farmer,1746-01-23,Eliza,CALLOWAY,labourer
Robert,M,WALKER,John,FILBY,army sergeant,labourer,1750-01-21,Mary,WALKER,coal miner
Flora,F,GOUNDRY,Willia,RUSBY,fireman,needlemaker,1744-09-09,Margaret,GOUNDRY,surgeons apprentice
Agnes,F,BURNLEY,Robert,OLDERSHAW,secretary,tenant farmer,1744-12-17,Mary,BURNLEY,smith
Robert,M,WATSON,Alexander,ENGLISH,farmer,coal merchant,1743-04-20,Nellie,WATSON,coal miner
Kate,F,SCARLETT,Alexander,SMITH,farmer,ag lab,1742-03-05,Bella,SCARLETT,ladies maid
Mary,F,THOMPSON,Hendry,SQUIRE,carpenter,nailer,1749-02-05,Elizabeth,THOMPSON,dyer
John,M,ADAMSON,Andrew,GIBSON,weaver,fitter and turner,1743-06-01,Isabella,ADAMSON,labourer
Barbara,F,ROBERTS,Samuel,FORRESTER,domestic cleaner,jeweller,1747-12-15,Christiana,ROBERTS,wool comber
Mary,F,TAYLOR,William,EVANS,officer of customs & excise (docks),mechanical engineering worker (skilled),1743-12-27,Isabella,TAYLOR,labourer
Maria,F,SUMMERS,Dugald,DUFF,labourer,lab,1749-09-01,Mary,SUMMERS,shoe pressman
James,M,SALT,David,TURNER,fireman,coal miner,1750-08-28,Ann,SALT,works chemist
Janet,F,HUGHES,James,SAMBROOK,cottager,boot and shoe maker,1747-09-02,Agnes,HUGHES,gardener
Margaret,F,JOHNSON,John,FURRELL,wool broker,electrical engineer in the royal signals,1748-04-14,Margaret,JOHNSON,cotton weaver
Sarah,F,VAIL,Andrew,JONES,dockyard worker,shoe binder,1746-05-27,Mary,VAIL,shoemaker
Elizabeth,F,ONEIL,James,FARRENT,domestic service,carpenter,1747-12-08,Jane,ONEIL,lab
Annie,F,COMPSON,William,MIDDLETON,company secretary,engineer,1746-07-15,Janet,COMPSON,builder
John,M,CURTIS,Peter,FORBES,carter,mechanic,1749-02-20,Mary,CURTIS,private in army - stretcher bearer
Robert,M,CROSSGROVE,Robert,WATSON,general store keeper,farm lab,1745-06-03,Margaret,CROSSGROVE,teamster
Margaret,F,LLOYD,David,HARLE,designer,fisherman,1745-06-28,Susina,LLOYD,farm labourer
Agnes,F,LONDON,John,PASSMORE,farmer,map and print colourer,1748-03-12,Ann,LONDON,printer
Thomas,M,READ,George,AYERS,washerwoman,musician,1743-07-28,Janet,READ,quarryman
Ann,F,WATSON,Alfred,LAYCOCK,farmer,gardener,1744-02-19,Elizabeth,WATSON,sadler
Elizabeth,F,DARMER,John,MOORE,coal miner,bricklayer,1744-01-30,Catherine,DARMER,labourer
Jessie,F,MCCORMACK,Andrew,GOODALL,farmer,labourer,1750-01-08,Jane,MCCORMACK,boilermaker
John,M,RIMINGTON,Francis,JENKINS,bank manager,solicitor,1748-05-10,Rebecca,RIMINGTON,farmer
James,M,CROCKET,John,KINGSBURY,ag lab,ag lab,1748-08-22,Mary,CROCKET,electrical engineer
Euphemia,F,TURNBULL,Ritchie,WEBSTER,clerk & typist,farmer,1751-03-21,Christina,TURNBULL,shale miner
Agness,F,GRANT,James,MORSE,mariner,labourer,1750-01-25,Margaret,GRANT,book folder
George,M,STURGESS,Patrick,FORRESTER,shoe finisher,steel erector,1750-08-30,Annie,STURGESS,mason
Ann,F,GEORGE,Charles,CLOUGH,tenant farmer,shirt factory worker,1748-01-01,Eliza,GEORGE,weaver
David,M,BARR,Francis,JONES,ag lab,factory worker,1749-02-14,Jane,BARR,groom
James,M,WALKER,William,ZEBEDEE,constructional engineer,farmer,1747-06-25,Martha,WALKER,upholsterer and warehouseman
Elizabeth,F,WALKER,William,ZEBEDEE,constructional engineer,farmer,1747-06-25,Martha,WALKER,brick maker
Ann,F,CLEMO,Charles,BROWN,ag lab,grocer,1747-02-05,Sarah,CLEMO,labourer
Jeanie,F,MURRAY,Angus,TUMILTY,stockingmaker,warehouseman,1758-10-30,Elsie,MURRAY,platelayer
Thomas,M,RICHARDSON,John,NOBLE,private soldier,bootmaker,1743-12-09,Catherine,RICHARDSON,clerk
George,M,LINNELL,Angus,ROBERTS,navel officer,fish curer,1750-06-19,Margaret,LINNELL,labourer
Agnes,F,TUMIGAN,James,CHESHIRE,land agent,lab,1748-02-06,Alice,TUMIGAN,teacher in elementary school
James,M,DRYAL,Peter,MCKENZIE,draper,locksmith,1748-04-19,Jessie,DRYAL,labourer
George,M,GILMOUR,William,ALLEN,scrap labourer,railway clerk,1746-07-08,Isabella,GILMOUR,storekeeper
Peter,M,HONES,Alexander,CONNELL,butcher,shop assistant,1744-09-27,Therese,HONES,teacher
Janet,F,BROAD,Charles,WAKS,miner,gardener (private),1748-12-29,Mary,BROAD,salver polisher
Nellie,F,COOKSON,Alexander,ROBINSON,mariner,fancy manufacturer,1747-01-04,Jemima,COOKSON,cabinet maker
Arthur,M,COOKSON,Alexander,ROBINSON,mariner,fancy manufacturer,1747-01-04,Jemima,COOKSON,bonnet maker
John,M,MORRIS,John,MILLER,farmer,school attendance officer,1745-01-30,Margaret,MORRIS,joiner
Isabella,F,SOUTHWORTH,John,PAYNE,mill manager,farm servant,1745-04-18,Jane,SOUTHWORTH,farmer
James,M,BURROWS,William,DWERRYHOUSE,clerk in holy orders,yeoman,1748-05-10,Helen,BURROWS,clay tobacco pipe maker
Roderick,M,MAWSON,James,CAMERON,cotton operative,lab,1745-08-17,Janet,MAWSON,groom
Ellen,F,BIRD,William,BATH,ag lab,poultry man,1745-12-04,Julia,BIRD,blacksmith
John,M,STOUT,Robert,JONES,labourer,gardener,1748-08-13,Ellen,STOUT,fishmonger
Annie,F,JARVIS,George,KNOWLES,spool winder cotton mill,sailor,1746-03-21,Jane,JARVIS,weaver
Hugh,M,CHILDS,David,ROBSON,repairing fishing nets,painter,1757-11-30,Elizabeth,CHILDS,clerk
Thomas,M,MCNEILL,Robert,DOWLING,farmer,carpenter,1749-10-08,Catherine,MCNEILL,farmer
Christina,F,GREIG,Thomas,SMITH,whitefisher,lab,1750-06-13,Sohia,GREIG,schoolmistress
Peter,M,SNOOK,Alexr,THOMAS,mercantile clerk,bootcloser,1748-06-08,Margaret,SNOOK,engineers fitter
Alex,M,PARRY,Andrew,SNELLING,lab,sheep farmer,1755-07-08,Annie,PARRY,lab
Jane,F,POWNAL,John,PEECH,ag lab,textile manufacturer,1748-09-21,Margt,POWNAL,ploughman
Catherine,F,JENNINGS,James,BOND,engineer,ships officer,1744-10-04,Catherine,JENNINGS,farmer's wife
Johanna,F,SMITH,John,JOHNSON,woolcomber,shoe laster,1752-05-18,Jean,SMITH,railway clerk
Margaret,F,BOWLES,William,CRAMPTON,milliner,labourer,1745-11-20,Alice,BOWLES,lead worker
Margaret,F,HARTLEY,Ro,MUSTY,photographer,stonemason,1746-03-31,Marjory,HARTLEY,blacksmith
J,F,CHORLEY,John,SMITH,housekeeper,labourer,1746-01-11,Mary,CHORLEY,horse keeper
James,M,PALMER,Charles,OVERALL,gardener,clock case maker,1755-04-16,Betsy,PALMER,farmer
Janet,F,LENNON,James,GREENHALGH,blacksmith,fisherman,1746-06-06,Isabella,LENNON,traveller horseman
Robert,M,STIVEY,Edmund,LAWSON,butcher,gas works labourer,1747-04-13,Jane,STIVEY,farmer
Bernard,M,BROWN,James,GOODMAN,clerk  (biscuit works ),school master,1747-05-14,Mary,BROWN,ag lab
Alexander,M,OATES,William,LEYARD ,dressmaker,silk weaver,1747-11-30,Christina,OATES,sailmaker
Archibald,M,YEATES,James,FOOT,labourer,straw bonnet maker,1746-04-02,Catherine,YEATES,valet
Elizabeth,F,GAGE,Arthur,MOXLEY,builder,labourer,1744-11-13,Margt,GAGE,pilot
Catherine,F,TARRANT,Thomas,LEE,cabinet maker,labourer,1744-11-12,Isabella,TARRANT,housepainter
John,M,THOMAS,John,CLARK,nailer,labourer,1744-03-24,Jane,THOMAS,auctioneer
Henry,M,ORRDEL,William,BROOK,housekeeper,blacksmith,1744-05-19,Emily,ORRDEL,baker
Catherine,F,COLLINS,William,SMITH,curate,railway platelayer,1746-10-22,Margt,COLLINS,stoker on railway engine
Willia,M,BAMSEY,John,LARKIN,labourer,carpenter,1744-09-03,Catherine,BAMSEY,labourer
Charles,M,HILL,James,STOTT,g.p.o. telephonist,chemist,1752-05-08,Helen,HILL,gent
Rachell,F,WILLCOX,William,MASTERS,farmer,papermill worker,1749-01-22,Semena,WILLCOX,labourer
Euphemia,F,THOMPSON,Jas,HISCOCKS,butcher,shear striker,1744-12-30,Elizabeth,THOMPSON,engine driver
David,M,HILL,Thomas,DEWSON,ag lab,domestic servant,1745-10-05,Janet,HILL,blacksmith
Jas,M,MCLEAN,John,MILLER,electric metering factory,flax dresser,1745-03-11,Margret,MCLEAN,tenant farmer
Lewis,M,JONES,John,MACHRAY,labourer,printer,1744-06-03,Jane,JONES,soldier
Elizabeth,F,BOWMAN,Hugh,TREDWIN,draper,clerk,1745-10-22,Jane,BOWMAN,shepherd
Jane,F,MCNAIR,Joseph,RICHMOND,master bootmaker,cashier,1745-07-17,Isabella,MCNAIR,servant
Louis,M,HOLDEN,Edward,JONES,sawyer,spirit dealer,1748-04-05,Maggie,HOLDEN,joiner
Ellen,F,SHEARER,William,TRESIDDER,dressmaker,machine operator,1746-06-22,Margaret,SHEARER,shopkeeper
John,M,LUMSDEN,Patrick,BOUCHER,stonemason,farm servant / domestic,1747-06-23,Elizabeth,LUMSDEN,"experimental design department, sewing machine com"
Margaret,F,LUMSDEN,Patrick,BOUCHER,stonemason,farm servant / domestic,1747-06-23,Elizabeth,LUMSDEN,schoolmaster
Margaret,F,LUMSDEN,Patrick,BOUCHER,stonemason,farm servant / domestic,1747-06-23,Elizabeth,LUMSDEN,farmer
Willimina,F,NATT,Edmund,MEAD,clay tobacco pipe maker,plasterer,1752-05-28,Eliza,NATT,book keeper
Mary,F,HODGKINSON,James,COOK,lab,tailor,1747-04-22,Mary,HODGKINSON,blacksmith
James,M,SIMPSON,James,GRIFFIN,musician,boatman,1745-03-25,Marion,SIMPSON,carpenter
James,M,TUULLET,Alfred,GARSON,motor lorry driver,servant,1753-01-16,Grace,TUULLET,lab
David,M,HEARKNES,David,BONDAY,wholesale grocer,sawyer,1748-07-07,Margaret,HEARKNES,master tailor
Isabella,F,HUTCHINS,Charles,WALKER,mariner,joiner,1753-09-23,Mary,HUTCHINS,tailor
Mary,F,STONE,Thomas,MORGANS,cloth finisher,delver,1744-11-16,Elizabeth,STONE,shoemaker
Agnes,F,MORLEY,James,MCMURTRIE,cook and housekeeper,tax collector,1746-08-31,Barbara,MORLEY,teacher
James,M,KIDNEY,Peter,ADAMS,builder,labourer,1752-09-01,Marion,KIDNEY,labourer
Adam,M,ROWE,Charles,ANNISON,gardener,farmer,1750-08-05,Jane,ROWE,collier
Janet,F,RICHARD,John,KELLY,draper,actor,1752-01-29,Jane,RICHARD,farmer
John,M,MOOR,Donald,BIRD,musician,shoe shop assistant,1750-01-09,Charlot,MOOR,dressmaker
Thomas,M,DOWN,George,SHOOTER,printer,tanner,1752-10-12,Mary,DOWN,engineer
Alexander,M,HONEYWELL,William,STREMBELS,miller (postmill),engineer,1746-01-21,Jessie,HONEYWELL,doctor at hospital
James,M,BOLLANY,Arthur,CARESWELL,lamplighter,potter,1752-02-21,Sarah,BOLLANY,farmer
Kenneth,M,SERGEANT,Charles,LLOYD,ag lab,carpenter,1745-12-04,Jeanie,SERGEANT,mariner
Jean,F,NICHOLAS,John,LEVINAY,cabinet maker,teacher,1745-12-15,Elizabeth,NICHOLAS,carpenter
John,M,HUDGELL,Robert,GOOD,wesleyan methodist minister,bricklayer,1753-04-27,Sarah,HUDGELL,gardener
Bailey,M,HUDGELL,Robert,GOOD,wesleyan methodist minister,bricklayer,1753-04-27,Sarah,HUDGELL,chemist
Chirsty,F,WRIGHT,Andrew,MARLES,blacksmith,engineer,1753-12-31,Janet,WRIGHT,coachman
Jane,F,LANGLEY,James,CRACKRICH,stonecutter,customs officer,1745-08-02,Jemima,LANGLEY,labourer
May,F,CHURCH,John,SCARR,teacher,oil miller,1751-08-12,Mary,CHURCH,silverplater
Margaret,F,HARRISON,Delilah,GLEAVE,coal miner,farm bailiff,1744-09-13,Catharine,HARRISON,carrier
Margaret,F,PRUDEN,John,ADAMS,shipping clerk,engine driver,1749-02-22,Maggie,PRUDEN,bookbinder
Mary,F,CLOUGH,Angus,ADY,agent,iron moulder,1746-01-25,Elizabeth,CLOUGH,engine driver
Jane,F,ROGERS,Henry,ROBERTSHAW,porter,domestic servant,1744-12-16,Isabella,ROGERS,farmer
Isabella,F,SCOTT,Alex,RAYNER,lab,lab,1750-02-01,Isabella,SCOTT,cordwainer
Dugald,M,BRIDDON,William,BARKER,tailor,civil engineer,1747-09-29,Elizabeth,BRIDDON,labourer
Wm,M,BRIDDON,William,BARKER,tailor,civil engineer,1747-09-29,Elizabeth,BRIDDON,blacksmith
Charles,M,WATSON,Alexander,HAYES,farmer,grocer's assist.,1746-03-13,Janet,WATSON,mariner
Margaret,F,CARTWRIGHT,William,RAE,carpet weaver,cheesemonger,1744-06-03,Elizabeth,CARTWRIGHT,blacksmith
George,M,JONES,John,PENTLAND BROWN,fisherman,baker,1744-09-27,Annie,JONES,master mariner
Alexander,M,CHALLACOMBE,Charles,ROUND,labourer,teacher,1745-03-01,Margaret,CHALLACOMBE,banker mason
Agnes,F,EVANS,Peter,LEATT,road labourer,engine fitter,1748-10-02,Angelina,EVANS,farmer
Anne,F,HICKS,George,COCK,gardener,servant,1750-10-06,Lousia,HICKS,warehouseman
Alexander,M,LYNN,Hugh,LISLE,cabinet maker,pork butcher,1746-09-13,Isabella,LYNN,shipyard blacksmith
Margaret,F,SWARBRICK,John,HURDLE,music teacher,millgirl,1747-07-01,Isabella,SWARBRICK,railway guard
Susan,F,EMMERSON,George,WATSON,bricklayer,gamekeeper,1753-04-23,Mary,EMMERSON,cotton manufacturer
Margaret,F,STONES,James,COCKFIELD,draper,mechanic,1746-07-14,Mary,STONES,brushmaker
Robert,M,CALVERT,Alexr,HENDELL,shoemaker,waterman,1745-12-25,Janet,CALVERT,labourer
Hugh,M,CALVERT,Alexr,HENDELL,shoemaker,waterman,1745-12-25,Janet,CALVERT,engine fitter
John,M,ROBERTS,James,SKEELS,porter master,bookseller,1746-09-17,Mary,ROBERTS,tin plate worker
John,M,EDWARD,Samuel,DAWSON,farmer,"builder, master (dockyards)",1745-03-14,Helen,EDWARD,painter
James,M,KELLY,Martin,DAWES,labourer,merchant clerk (oil and colour manufacturer),1747-10-01,Jessie,KELLY,ironfounder
Alexander,M,KELLY,Martin,DAWES,labourer,merchant clerk (oil and colour manufacturer),1747-10-01,Jessie,KELLY,farm labourer
Daniel,M,BROSTEN,John,MCCALLUM,farmer,labourer,1750-11-03,Catherine,BROSTEN,pianist
Charlotte,F,HOOKHAM,James,DEARDEN,fisherman,chemist,1745-02-04,Georgina,HOOKHAM,labourer
Catherine,F,SCARLETT,Alexander,SMITH,farmer,ag lab,1744-11-28,Bella,SCARLETT,merchant
Jessie,F,FOSTER,Magnus,LEE,company manager,cabinet maker,1746-07-26,Mary,FOSTER,weaver
Jessie,F,CADDY,Alexander,ANKERS,grocer,sack manufacturer,1751-12-13,Janet,CADDY,coal miner
John,M,BRADLY,John,FERGUSON,tailor,secretary,1751-11-03,Elizabeth,BRADLY,gardener
Peter,M,LAW,Andrew,WHEELER,machinist in saw mill,farmer,1748-02-24,Mary,LAW,coal miner
Thomas,M,FRASER,Duncan,STANDLEY,bootmaker,worsted power loom weaver,1746-06-15,Isabella,FRASER,coal miner
James,M,LORD,Arch,FEILDWICK,plumber,hotel keeper,1749-03-10,Annie,LORD,bootmaker
David,M,BIRKETT,Donald,ROLFE,blacksmith,miller,1746-10-22,Mary,BIRKETT,marine engineer
Catherine,F,MORTIMER,John,LYNALL,telephone engineer - g.p.o.,dressmaker,1746-11-07,Elizth,MORTIMER,labourer
Ann,F,PHILIPS,Andrew,HAWGOOD,farmer,smith,1746-03-01,Mary,PHILIPS,servant
Patrick,M,LOWNDS,John,COTTOM,sawyer,labourer,1753-02-07,Elizabeth,LOWNDS,farmer
Robert,M,BELL,William,BELCHER,stonemason,merchant seaman,1745-09-19,Euphemia,BELL,farmer
John,M,MCDERMID,James,SMITH,dentists assistant,husbandman,1749-06-23,Janet,MCDERMID,labourer
Annie,F,ANDREWS,David,FORMAN,railway inspector,pattern maker,1745-12-19,Agnes,ANDREWS,farmer
Margaret,F,HOLLIDAY,Willia,JENKINS,weaver,gasfitters storekeeper,1751-09-19,Elizabeth,HOLLIDAY,labourer
Georgina,F,KEALY,William,GRAY,fisherman,baker,1748-04-18,Florina,KEALY,smith
Cath,F,KING,William,BARKER,leather dresser,farmer,1747-10-03,Isabella,KING,machine minder
John,M,HUSGROVE,James,LEE,general labourer,general surgeon,1748-09-21,Agness,HUSGROVE,lab
Grace,F,PUGH,William,FARLEY,gardener,chartered accountant,1755-12-21,Christina,PUGH,domestic servant
Christina,F,MCINTYRE,James,ROBINSON,baker,house painter,1750-12-23,Jessie,MCINTYRE,moulder (ironworks)
Robert,M,CROOKER,Thomas,NEWMAN,general servant,gardener,1746-01-26,Christina,CROOKER,army
Robert,M,HARTLEY,Alexander,HALE,wine porter,gold prospector,1745-10-16,Jane,HARTLEY,cotton weaver
John,M,JEPSON,Samuel,ADDIS,carter,miner,1751-09-02,Janet,JEPSON,turnkey
Ann,F,MACDONALD,Frederick,CHILD,undertaker,post office worker,1746-02-19,Bessie,MACDONALD,miner
Elizabeth,F,GOODFELLOW,Simon,PAYNE,hurdlemaker,farmer,1746-05-12,Margaret,GOODFELLOW,pew opener and church caretaker
Sarah,F,ENGLISH,Joseph,GEORGE,french polisher,thatcher,1753-03-31,Mary,ENGLISH,mechanic
Jessie,F,ORMISTON,Jas,EATCOAL,seaman,lorry driver,1751-05-26,Jane,ORMISTON,block and mast maker
Lawrence,M,ROBINSON,Andrew,GATLIFF,coalminer,farmer,1746-11-07,Susan,ROBINSON,bootcloser
Mary,F,FLINT,Robert,COLLIER,farmer,sadler and horse collar maker,1746-04-28,Annie,FLINT,ag lab
Robert,M,TAYLOR,George,JONES,servant,farmer,1748-11-23,Margaret,TAYLOR,farmer
Jeannie,F,KILLICK,Alexander,LEACH,insurance broker,iron & steel merchant,1747-06-12,Agnes,KILLICK,master carpenter
Alice,F,LIFTON,James,HOLLIWELL,gilder,carpenter,1746-07-22,Margaret,LIFTON,publican
George,M,STEWART,David,DAVIES,coal miner,farmer,1746-11-22,Jessie,STEWART,annealer at nail works
Hugh,M,NEWMAN,James,NORSK,chainmaker,crane driver,1746-11-03,Mary,NEWMAN,coal merchant
Thomas,M,PHILLIPPE,Robert,KING,servant,reeler,1749-01-08,Isabel,PHILLIPPE,woollen manufacturer
John,M,MACKAY,Willia,HOOPER,victualler,currier,1747-05-02,Lilian,MACKAY,corn miller
Felix,M,GARDNER,William,HANOLD,house carpenter,house agent,1749-04-27,Elizabeth,GARDNER,foreman
William,M,HULBERT,Gavin,MASKEL,bootmaker,ag lab,1747-12-28,Mary,HULBERT,engineer
Maggie,F,MORRIS JNR,Donald,SOWDEN,grocer,brushmaker,1762-01-31,Mary,MORRIS JNR,metal merchant
David,M,HOCKLEY,William,THOMAS,labourer,managing director (department store),1757-01-20,Isabella,HOCKLEY,regular soldier
Catherine,F,WOOD,John,WARD,collier,nailor,1745-06-01,Edith,WOOD,cement works labourer
Margaret,F,HARRIS,Daniel,BAKER,chimney cleaner,weaver,1749-03-06,Lydia,HARRIS,stonecutter
John,M,SHAW,Henry,MCKITTON,engineer,medical practitioner,1751-06-05,Margaret,SHAW,cycle and electrical retailer
Adam,M,BALLY,Wm,DOUR,clerk,boatman,1748-03-31,Elizabeth,BALLY,labourer
David,M,JOHNSTON,Alexander,WOOD,civil engineer,mariner,1746-10-04,Mary,JOHNSTON,road labourer
James,M,GEAKE,Patrick,ROBSON,ag lab,cattle dealer,1746-10-03,Janet,GEAKE,private in army - stretcher bearer
Abigail,F,HAYWOOD,John,ROUSE,labourer,draper,1746-04-20,Janet,HAYWOOD,ag lab
Jane,F,EARL OF DESART,Joseph,BIRNIE,wine & spirit merchant,gardener,1746-06-12,Barbara,EARL OF DESART,boot and shoemaker
John,M,HOWARD,Donald,BURNETT,constable,cooper,1757-05-12,Mary,HOWARD,tailor
Julia,F,KNOWLES,Robert,TROTTER,dressmaker,blacksmith,1754-10-11,Agnes,KNOWLES,servant
Roderick,M,HARRISON,Joseph,KENT,domestic servant,carpenter,1749-05-10,Agnes,HARRISON,clerk to electric supply company
John,M,BENN,John,BLACK,farmer,labourer,1755-06-23,Jane,BENN,shipmaster
Jane,F,WHITE,John,WOOD,iron works lab,printer and stationer,1747-11-04,Smith,WHITE,shipwright (hm dockyard)
Norman,M,JORDAN,Thomas,GRUNDY,saddler,servant,1748-03-19,Mary,JORDAN,military armament maker
Mary,F,FULLERTON,Richard,HART,railway mechanic,tailor,1760-01-16,Mary,FULLERTON,tailor
Susan,F,FLETCHER,Andrew,COOK,bleacher,shop assistant in greengrocer's,1746-07-17,Ann,FLETCHER,cargo superintendant
Marjory,F,KENNETT,Robert,SHAW,foreman fire service,lab,1751-05-20,Janet,KENNETT,tailor
George,M,JANE,Thomas,PEPPER,gas fitter,farmer,1745-05-23,Janet,JANE,labourer
Johanna,F,POTTER,Robert,WALLS,paper maker,spinner,1749-01-28,Mary,POTTER,housekeeper
Helen,F,MILLETT,George,YELLARD,saddler,lab,1745-11-10,Margret,MILLETT,tailoress
Mary,F,JONE,William,HARROD,bricklayer,moulder,1746-04-15,Christina,JONE,farm lab
Agnes,F,GIBBS,James,GRUNDY,miner,salvation army officer,1750-09-18,Agnes,GIBBS,printer and bookbinder
Samuel,M,MCCOOMBS,Alexander,FRY,carpenter,sailor,1748-09-09,Janet,MCCOOMBS,clergyman
Ellen,F,POWELL,William,OWEN,farmer,lab,1748-07-30,Agnes,POWELL,carpenter
Mary,F,HARRIS,John,MUDD,accountant,printer,1748-05-01,Elisabeth,HARRIS,stevedore
Euphemia,F,PLATT,Alexander,RANSON,house servant,stitcher,1747-05-15,Ann,PLATT,boot maker
John,M,PARKER,John,WILLIAM,plumber,inspector of munitions,1746-10-11,Isabella,PARKER,blacksmith
Jeanie,F,OLDERSHAW,Andrew,WILLIAMS,labourer,tailor,1752-03-05,Mary,OLDERSHAW,clerk in oil co.
Thomas,M,ONSLOW,Robert,STEDMAN,lab,narrow ribbon handloom weaver,1747-06-30,Elizabeth,ONSLOW,case maker
William,M,MCQUEEN,Matthew,PHIGHTON,telegraph asst,fish & game dealer,1759-03-31,Agnes,MCQUEEN,currier apprentice
Jane,F,TROUP,David,LENNARD,corn factor and seedsman,coal miner,1744-04-03,Jessie,TROUP,shoe hand
Willi,M,TONGE,Mark,BASKETFIELD,army officer,servant,1747-04-05,Margaret,TONGE,school teacher
Mary,F,TEMPLER,James,WINSOR,master saddler,hat-maker,1746-05-27,Barbara,TEMPLER,builder
Cath,F,WALTON,Thos,TREDWELL,brassfounder,farm labourer,1746-07-09,Elizabeth,WALTON,gardener
David,M,SHEA,Nathanieal,POTTER,"marine engineer, fitter",farmer,1756-06-15,Anne,SHEA,waggoner
Thomas,M,SUNDERLAND,Alexander,FRESHWATER,farm lab,brass moulder,1748-03-02,Margaret,SUNDERLAND,leather merchant
William,M,JONES,Thos,TAYLOR,basket worker,cordwainer,1748-02-09,Marge,JONES,farmer
Mary,F,ASHFORD,Allan,PIERCE,refreshment contractor,labourer,1747-11-03,Maggie,ASHFORD,building contractor
Thomas,M,HOLLAND,Robt,ATKINS,resident maid,ironmonger,1748-06-12,Margaret,HOLLAND,master cutler
Isabella,F,PARKINSON,John,IRVINE,butcher,blacksmith,1746-07-26,Ellen,PARKINSON,framework knitter
John,M,BROWN,Alexander,MURRAY,weaver,agent for kenmare estates,1745-03-31,Mary,BROWN,gardener
Helen,F,BRAILSFORD,Robert,RODGERS,brass finisher,labourer,1747-11-23,Margaret,BRAILSFORD,secretary
William,M,SAUNDERS,Patrick,SMITH,shepherd,publican & innkeeper,1755-11-05,Helen,SAUNDERS,builder
James,M,FAULCONER,Hugh,WOOD,blacksmith,rsm soldier,1746-07-12,Agnes,FAULCONER,priest
Elizabeth,F,QUICK,William,ORTON,teacher,farmer,1745-12-06,Helen,QUICK,nurseryman
Peter,M,GUNTON,John,SNELLING,tailoress,farmer,1746-09-11,Margaret,GUNTON,shoemaker
Charles,M,LARCOMBE,Alex,ROSS,master merchant mariner,farm bailiff,1750-04-10,Margaret,LARCOMBE,farmer
